customer_id,plan_type,billing_cycle,start_date,tenure_days,events_7d,events_30d,usage_trend_30d,days_since_last_event,late_payments_90d,failed_payments_90d,tickets_90d,avg_sentiment_90d,churn_30d
1,Basic,Annual,2023-01-19,528,23.0,91.0,-0.03266129032258063,0.0,1,0,0.0,0.0,0
2,Pro,Monthly,2023-04-04,453,0.0,0.0,0.0,230.0,3,1,0.0,0.0,0
3,Pro,Monthly,2024-01-29,153,27.0,90.0,0.036693548387096764,0.0,0,0,0.0,0.0,0
4,Pro,Monthly,2024-01-20,162,31.0,108.0,0.032661290322580645,0.0,1,2,1.0,0.29802849180673957,0
5,Basic,Monthly,2024-04-29,62,22.0,84.0,0.03306451612903226,0.0,2,2,0.0,0.0,0
6,Basic,Monthly,2024-04-02,89,27.0,97.0,0.02459677419354838,0.0,1,0,0.0,0.0,0
7,Basic,Annual,2024-09-08,-70,0.0,0.0,0.0,0.0,1,1,0.0,0.0,0
8,Pro,Annual,2023-06-20,376,0.0,0.0,0.0,112.0,0,0,0.0,0.0,0
9,Basic,Monthly,2024-09-24,-86,0.0,0.0,0.0,0.0,1,1,0.0,0.0,0
10,Basic,Monthly,2024-01-28,154,25.0,85.0,0.03024193548387095,0.0,1,1,3.0,0.21094790494710178,0
11,Basic,Monthly,2023-11-12,231,25.0,86.0,0.028225806451612892,0.0,1,0,0.0,0.0,0
12,Basic,Monthly,2023-08-08,327,15.0,77.0,-0.0282258064516129,0.0,1,0,0.0,0.0,0
13,Basic,Annual,2024-07-12,-12,0.0,0.0,0.0,0.0,0,3,3.0,0.37543463174506964,0
14,Pro,Monthly,2023-07-05,361,27.0,89.0,-0.005241935483870969,0.0,0,0,0.0,0.0,0
15,Basic,Monthly,2024-05-25,36,19.0,81.0,-0.007258064516129028,0.0,0,0,0.0,0.0,0
16,Basic,Annual,2023-01-28,519,25.0,86.0,0.02056451612903225,0.0,0,0,0.0,0.0,0
17,Basic,Monthly,2024-10-24,-116,0.0,0.0,0.0,0.0,0,0,0.0,0.0,0
18,Pro,Annual,2024-07-13,-13,0.0,0.0,0.0,0.0,1,0,0.0,0.0,0
19,Enterprise,Monthly,2023-06-11,385,19.0,91.0,-0.04153225806451611,0.0,1,0,0.0,0.0,0
20,Basic,Monthly,2024-07-29,-29,0.0,0.0,0.0,0.0,3,0,0.0,0.0,0
21,Pro,Annual,2024-01-24,158,30.0,96.0,0.037096774193548385,0.0,0,0,0.0,0.0,0
22,Basic,Monthly,2024-05-06,55,25.0,90.0,0.03991935483870966,0.0,1,1,1.0,0.3255360261515788,0
23,Basic,Monthly,2024-08-30,-61,0.0,0.0,0.0,0.0,1,0,0.0,0.0,0
24,Pro,Annual,2023-07-28,338,23.0,103.0,-0.033064516129032245,0.0,1,0,0.0,0.0,0
25,Basic,Monthly,2023-11-13,230,26.0,104.0,0.02338709677419354,0.0,1,0,0.0,0.0,0
26,Pro,Monthly,2023-09-24,280,14.0,86.0,-0.01814516129032258,0.0,1,0,1.0,-1.0,0
27,Pro,Monthly,2023-08-03,332,23.0,84.0,0.02782258064516129,0.0,0,0,0.0,0.0,0
28,Pro,Annual,2023-12-02,211,22.0,88.0,-0.004435483870967745,0.0,0,0,0.0,0.0,0
29,Pro,Annual,2024-02-05,146,24.0,98.0,-0.010080645161290303,0.0,2,0,0.0,0.0,0
30,Basic,Monthly,2024-06-06,24,27.0,70.0,0.020769230769230762,0.0,3,0,2.0,-0.1781330228777811,0
31,Enterprise,Monthly,2023-08-28,307,0.0,0.0,0.0,54.0,1,1,1.0,-0.8473822208011749,0
32,Basic,Annual,2023-05-28,399,24.0,88.0,0.008064516129032254,0.0,2,0,0.0,0.0,0
33,Pro,Monthly,2024-07-08,-8,0.0,0.0,0.0,0.0,0,1,0.0,0.0,0
34,Basic,Monthly,2023-09-09,295,0.0,0.0,0.0,95.0,2,0,1.0,-0.8548489117280741,0
35,Basic,Annual,2024-08-19,-50,0.0,0.0,0.0,0.0,0,0,2.0,-0.13003804044459497,0
36,Enterprise,Annual,2023-03-19,469,20.0,96.0,-0.01451612903225806,0.0,2,0,1.0,0.22541881100740316,0
37,Pro,Monthly,2023-06-07,389,26.0,90.0,0.03911290322580644,0.0,0,0,1.0,-0.17501624987596606,0
38,Enterprise,Monthly,2024-07-04,-4,0.0,0.0,0.0,0.0,0,0,0.0,0.0,0
39,Pro,Annual,2024-07-22,-22,0.0,0.0,0.0,0.0,0,1,0.0,0.0,0
40,Basic,Annual,2024-07-01,-1,0.0,0.0,0.0,0.0,1,1,0.0,0.0,0
41,Pro,Annual,2024-07-11,-11,0.0,0.0,0.0,0.0,0,2,3.0,0.0014498250962738934,0
42,Pro,Monthly,2024-03-11,111,23.0,96.0,-0.025403225806451605,0.0,0,0,0.0,0.0,0
43,Basic,Monthly,2024-04-03,88,25.0,97.0,-0.03911290322580646,0.0,0,0,1.0,0.4935269472619134,0
44,Basic,Monthly,2023-01-16,531,25.0,90.0,-0.016129032258064512,0.0,0,0,0.0,0.0,0
45,Basic,Monthly,2023-12-28,185,20.0,88.0,-0.0008064516129032304,0.0,0,0,0.0,0.0,0
46,Basic,Annual,2024-10-26,-118,0.0,0.0,0.0,0.0,1,0,3.0,-0.5595982959391947,0
47,Pro,Annual,2024-01-09,173,24.0,97.0,-0.0028225806451612993,0.0,0,0,0.0,0.0,0
48,Pro,Annual,2024-06-28,2,8.0,8.0,0.0,0.0,2,0,1.0,0.10282096871398229,0
49,Pro,Monthly,2024-06-25,5,22.0,22.0,-0.2857142857142857,0.0,1,0,0.0,0.0,0
50,Pro,Monthly,2023-12-04,209,0.0,0.0,0.0,96.0,0,1,0.0,0.0,0
51,Pro,Annual,2024-05-21,40,22.0,96.0,-0.030645161290322565,0.0,0,0,2.0,-0.4782510818267004,0
52,Pro,Annual,2023-10-11,263,22.0,84.0,-0.012903225806451613,0.0,1,0,0.0,0.0,0
53,Basic,Annual,2024-02-25,126,15.0,82.0,-0.005418719211822659,2.0,0,0,0.0,0.0,1
54,Pro,Monthly,2023-07-28,338,29.0,90.0,0.023387096774193532,0.0,1,1,0.0,0.0,0
55,Enterprise,Monthly,2024-10-08,-100,0.0,0.0,0.0,0.0,1,2,3.0,-0.024672150627116102,0
56,Basic,Monthly,2023-03-11,477,25.0,93.0,0.024596774193548363,0.0,1,1,0.0,0.0,0
57,Pro,Annual,2023-10-19,255,26.0,84.0,-0.005241935483870972,0.0,0,0,0.0,0.0,0
58,Basic,Monthly,2023-06-06,390,0.0,0.0,0.0,234.0,1,3,0.0,0.0,0
59,Enterprise,Annual,2023-12-10,203,23.0,89.0,0.0028225806451612767,0.0,0,1,0.0,0.0,0
60,Basic,Monthly,2023-02-09,507,28.0,94.0,0.0217741935483871,0.0,3,0,0.0,0.0,0
61,Enterprise,Monthly,2023-01-16,531,0.0,0.0,0.0,272.0,2,0,1.0,0.194450381636877,0
62,Enterprise,Monthly,2023-11-18,225,26.0,93.0,0.0008064516129032271,0.0,1,0,0.0,0.0,0
63,Basic,Monthly,2023-03-19,469,18.0,90.0,-0.029435483870967734,0.0,1,0,0.0,0.0,0
64,Basic,Monthly,2023-05-11,416,0.0,0.0,0.0,131.0,1,0,0.0,0.0,0
65,Basic,Annual,2024-10-30,-122,0.0,0.0,0.0,0.0,1,0,0.0,0.0,0
66,Pro,Annual,2023-06-02,394,19.0,89.0,-0.04395161290322579,0.0,0,0,0.0,0.0,0
67,Enterprise,Monthly,2023-09-13,291,0.0,0.0,0.0,119.0,1,0,3.0,0.19315076220617203,0
68,Pro,Monthly,2023-05-21,406,23.0,98.0,0.011693548387096766,0.0,2,0,2.0,0.3787630651559287,0
69,Enterprise,Monthly,2023-11-14,229,25.0,94.0,-0.003225806451612886,0.0,0,0,0.0,0.0,0
70,Pro,Annual,2023-09-04,300,0.0,0.0,0.0,197.0,2,1,0.0,0.0,0
71,Basic,Monthly,2023-02-16,500,21.0,90.0,-0.002016129032258063,0.0,1,1,0.0,0.0,0
72,Basic,Monthly,2023-11-23,220,24.0,103.0,-0.026612903225806443,0.0,0,1,0.0,0.0,0
73,Basic,Monthly,2024-06-10,20,22.0,63.0,-0.01558441558441558,0.0,2,1,0.0,0.0,0
74,Pro,Monthly,2023-05-05,422,25.0,104.0,-0.009274193548387093,0.0,0,0,3.0,-0.35423363770302707,0
75,Basic,Monthly,2023-09-01,303,26.0,89.0,0.0016129032258064497,0.0,0,1,0.0,0.0,0
76,Pro,Monthly,2023-05-29,398,23.0,87.0,0.008870967741935477,0.0,1,0,1.0,-0.7177239744484024,0
77,Pro,Monthly,2023-01-12,535,18.0,84.0,-0.004838709677419349,0.0,0,0,0.0,0.0,0
78,Basic,Monthly,2023-08-25,310,19.0,90.0,-0.02661290322580644,0.0,1,2,0.0,0.0,0
79,Enterprise,Monthly,2024-07-26,-26,0.0,0.0,0.0,0.0,1,0,0.0,0.0,0
80,Basic,Monthly,2024-01-15,167,18.0,79.0,-0.016129032258064505,0.0,2,0,0.0,0.0,0
81,Basic,Monthly,2024-04-23,68,23.0,98.0,-0.004435483870967746,0.0,0,0,0.0,0.0,0
82,Basic,Annual,2023-10-17,257,26.0,95.0,-0.008467741935483867,0.0,1,0,3.0,0.2586317602718649,0
83,Pro,Annual,2023-12-20,193,23.0,85.0,0.011693548387096766,0.0,1,0,2.0,0.5698296515923149,0
84,Basic,Monthly,2024-03-30,92,29.0,88.0,0.061693548387096744,0.0,3,0,0.0,0.0,0
85,Basic,Annual,2024-03-28,94,22.0,86.0,0.008064516129032256,0.0,0,0,0.0,0.0,0
86,Pro,Monthly,2023-06-29,367,17.0,88.0,-0.048387096774193526,0.0,3,0,0.0,0.0,0
87,Basic,Annual,2023-11-06,237,29.0,100.0,-0.01532258064516128,0.0,0,0,1.0,-0.021495623465970923,0
88,Basic,Monthly,2023-04-06,451,29.0,103.0,0.042741935483870945,0.0,1,0,2.0,-0.03060690325579818,0
89,Basic,Monthly,2024-02-02,149,0.0,0.0,0.0,101.0,1,1,3.0,-0.02403990113843879,0
90,Pro,Monthly,2024-05-16,45,21.0,88.0,-0.04677419354838708,0.0,1,2,1.0,-1.0,0
91,Basic,Annual,2024-02-08,143,0.0,21.0,-0.21666666666666673,20.0,1,0,2.0,0.04123220510227034,0
92,Basic,Annual,2023-11-15,228,0.0,0.0,0.0,31.0,1,2,1.0,-0.4850961617359125,0
93,Basic,Monthly,2024-04-13,78,25.0,95.0,0.01209677419354837,0.0,1,0,4.0,0.18414906850621138,0
94,Basic,Monthly,2023-07-03,363,25.0,81.0,0.004838709677419353,0.0,0,1,3.0,-0.012214049988446265,0
95,Basic,Annual,2024-05-18,43,24.0,99.0,-0.022177419354838704,0.0,0,0,0.0,0.0,0
96,Basic,Monthly,2024-08-09,-40,0.0,0.0,0.0,0.0,2,1,0.0,0.0,0
97,Enterprise,Monthly,2024-07-01,-1,0.0,0.0,0.0,0.0,1,0,1.0,-0.23526489187929456,0
98,Basic,Monthly,2023-02-18,498,18.0,90.0,-0.028225806451612892,0.0,0,0,2.0,-0.3502184013202628,0
99,Basic,Annual,2023-12-14,199,18.0,76.0,-0.019758064516129017,0.0,2,0,0.0,0.0,0
100,Basic,Monthly,2024-04-11,80,23.0,87.0,-0.0004032258064516046,0.0,0,0,1.0,0.1566331633079336,0
101,Basic,Annual,2023-02-04,512,21.0,84.0,0.027419354838709668,0.0,2,0,0.0,0.0,0
102,Enterprise,Annual,2023-01-05,542,22.0,92.0,-0.0286290322580645,0.0,2,0,0.0,0.0,0
103,Basic,Annual,2023-05-15,412,0.0,0.0,0.0,176.0,1,0,0.0,0.0,0
104,Enterprise,Monthly,2023-10-07,267,26.0,100.0,-0.012499999999999983,0.0,0,0,0.0,0.0,0
105,Pro,Monthly,2023-09-20,284,24.0,105.0,-0.021370967741935473,0.0,0,0,3.0,-0.36618052163466247,0
106,Basic,Annual,2024-06-17,13,23.0,46.0,-0.07032967032967033,0.0,2,0,0.0,0.0,0
107,Pro,Annual,2024-07-01,-1,0.0,0.0,0.0,0.0,1,0,1.0,-0.4813663615329713,0
108,Pro,Monthly,2023-11-26,217,14.0,81.0,-0.03508064516129031,0.0,2,0,0.0,0.0,0
109,Basic,Monthly,2023-01-24,523,27.0,84.0,0.02419354838709676,0.0,2,0,2.0,0.07282954354455877,0
110,Basic,Monthly,2023-03-11,477,0.0,0.0,0.0,391.0,0,0,4.0,0.3036523431682654,0
111,Enterprise,Monthly,2023-11-12,231,23.0,86.0,-0.00241935483870969,0.0,1,0,1.0,-1.0,0
112,Pro,Monthly,2023-06-25,371,25.0,91.0,0.01169354838709677,0.0,1,1,2.0,0.5180690629823079,0
113,Pro,Annual,2024-09-30,-92,0.0,0.0,0.0,0.0,1,0,0.0,0.0,0
114,Enterprise,Monthly,2023-09-13,291,0.0,0.0,0.0,193.0,1,0,2.0,0.03275591326574698,0
115,Basic,Monthly,2024-05-21,40,31.0,96.0,0.04354838709677417,0.0,1,2,1.0,-0.7012068225717192,0
116,Pro,Monthly,2023-11-18,225,23.0,85.0,-0.014112903225806443,0.0,1,2,0.0,0.0,0
117,Basic,Monthly,2024-02-19,132,20.0,80.0,-0.04072580645161287,0.0,1,0,0.0,0.0,0
118,Enterprise,Annual,2023-03-25,463,27.0,87.0,0.01048387096774193,0.0,3,0,3.0,0.12671550498701642,0
119,Pro,Annual,2023-04-13,444,23.0,81.0,0.03749999999999998,0.0,0,0,0.0,0.0,0
120,Basic,Monthly,2024-08-25,-56,0.0,0.0,0.0,0.0,0,1,0.0,0.0,0
121,Basic,Monthly,2023-09-18,286,6.0,38.0,-0.008771929824561394,5.0,3,0,0.0,0.0,0
122,Pro,Monthly,2024-01-30,152,19.0,92.0,-0.05241935483870966,0.0,0,1,0.0,0.0,0
123,Basic,Monthly,2023-03-03,485,20.0,92.0,-0.03467741935483868,0.0,2,0,4.0,0.33817005129161326,0
124,Pro,Monthly,2023-08-02,333,24.0,99.0,-0.00846774193548387,0.0,0,0,0.0,0.0,0
125,Pro,Monthly,2023-11-22,221,32.0,103.0,0.025403225806451605,0.0,1,1,0.0,0.0,0
126,Pro,Monthly,2023-10-14,260,17.0,93.0,-0.06290322580645158,0.0,1,0,0.0,0.0,0
127,Basic,Annual,2023-11-17,226,23.0,81.0,0.012903225806451606,0.0,2,1,3.0,-0.4120619417699318,0
128,Pro,Monthly,2023-01-05,542,24.0,102.0,-0.010080645161290315,0.0,1,1,0.0,0.0,0
129,Basic,Annual,2023-09-08,296,22.0,93.0,-0.0189516129032258,0.0,1,1,0.0,0.0,0
130,Pro,Monthly,2024-06-17,13,20.0,33.0,0.0065934065934066,0.0,0,0,0.0,0.0,0
131,Basic,Annual,2023-02-16,500,0.0,0.0,0.0,356.0,1,1,0.0,0.0,0
132,Pro,Monthly,2023-05-22,405,28.0,100.0,0.040725806451612875,0.0,2,1,0.0,0.0,0
133,Pro,Monthly,2023-08-10,325,26.0,104.0,-0.006854838709677407,0.0,0,0,0.0,0.0,0
134,Pro,Monthly,2024-05-01,60,31.0,83.0,0.0600806451612903,0.0,2,1,0.0,0.0,0
135,Basic,Monthly,2023-01-11,536,0.0,0.0,0.0,432.0,1,0,0.0,0.0,0
136,Basic,Annual,2024-10-10,-102,0.0,0.0,0.0,0.0,1,0,0.0,0.0,0
137,Basic,Annual,2024-07-28,-28,0.0,0.0,0.0,0.0,1,1,0.0,0.0,0
138,Basic,Monthly,2023-05-29,398,22.0,83.0,-0.003629032258064515,0.0,2,1,0.0,0.0,0
139,Pro,Monthly,2023-09-05,299,19.0,79.0,-0.033064516129032266,0.0,3,1,0.0,0.0,0
140,Pro,Monthly,2023-11-02,241,13.0,75.0,-0.04596774193548386,0.0,0,1,0.0,0.0,0
141,Basic,Annual,2024-05-13,48,22.0,99.0,-0.010887096774193543,0.0,1,0,0.0,0.0,0
142,Basic,Monthly,2023-04-09,448,24.0,92.0,0.029838709677419337,0.0,1,0,3.0,-0.3016271034649453,0
143,Basic,Monthly,2024-05-11,50,31.0,93.0,0.03830645161290321,0.0,1,0,0.0,0.0,0
144,Basic,Annual,2023-12-16,197,20.0,88.0,-0.028629032258064513,0.0,0,0,0.0,0.0,0
145,Enterprise,Annual,2023-08-09,326,15.0,71.0,0.010483870967741926,0.0,0,0,1.0,0.9299606430105236,0
146,Pro,Monthly,2023-07-26,340,0.0,0.0,0.0,122.0,0,0,0.0,0.0,0
147,Basic,Monthly,2023-08-29,306,0.0,0.0,0.0,216.0,0,0,2.0,-0.30102131454894776,0
148,Enterprise,Annual,2023-03-31,457,0.0,0.0,0.0,280.0,0,0,0.0,0.0,0
149,Enterprise,Annual,2024-07-21,-21,0.0,0.0,0.0,0.0,1,0,0.0,0.0,0
150,Enterprise,Annual,2023-07-05,361,21.0,85.0,-0.02338709677419355,0.0,1,2,0.0,0.0,0
151,Basic,Monthly,2024-04-04,87,19.0,94.0,0.008453837597330366,0.0,0,1,3.0,-0.023141324349299035,1
152,Basic,Monthly,2023-01-25,522,15.0,98.0,-0.060887096774193517,0.0,0,0,2.0,-0.29312037498889754,0
153,Pro,Annual,2023-03-14,474,18.0,91.0,-0.031854838709677404,0.0,0,2,3.0,-0.10030607484683855,0
154,Basic,Monthly,2024-04-22,69,19.0,94.0,-0.037903225806451606,0.0,2,0,0.0,0.0,0
155,Pro,Monthly,2023-10-07,267,30.0,91.0,0.027419354838709675,0.0,0,0,3.0,-0.039455634814322134,0
156,Basic,Monthly,2023-12-29,184,25.0,92.0,0.04274193548387095,0.0,1,1,0.0,0.0,0
157,Pro,Annual,2024-08-28,-59,0.0,0.0,0.0,0.0,0,0,0.0,0.0,0
158,Basic,Monthly,2024-05-07,54,21.0,97.0,-0.02459677419354838,0.0,1,0,0.0,0.0,0
159,Basic,Monthly,2024-04-14,77,26.0,95.0,0.025403225806451615,0.0,0,0,0.0,0.0,0
160,Basic,Annual,2023-04-04,453,25.0,74.0,0.031048387096774197,0.0,1,1,3.0,0.24907754438779603,0
161,Basic,Annual,2023-10-14,260,21.0,97.0,-0.04516129032258064,0.0,1,1,0.0,0.0,0
162,Pro,Monthly,2023-01-17,530,26.0,86.0,0.05927419354838708,0.0,2,0,0.0,0.0,0
163,Pro,Monthly,2024-03-26,96,25.0,92.0,0.013709677419354836,0.0,2,0,3.0,-0.012183393531406258,0
164,Pro,Monthly,2023-02-16,500,22.0,92.0,0.0012096774193548405,0.0,0,0,1.0,-0.5848090021363929,0
165,Pro,Monthly,2023-04-04,453,0.0,0.0,0.0,254.0,0,0,4.0,0.20663023467353994,0
166,Basic,Annual,2023-03-22,466,0.0,0.0,0.0,175.0,2,2,0.0,0.0,0
167,Basic,Monthly,2023-09-25,279,29.0,94.0,0.04032258064516128,0.0,0,0,0.0,0.0,0
168,Pro,Monthly,2024-06-01,29,31.0,106.0,0.008453837597330366,0.0,1,1,0.0,0.0,0
169,Basic,Monthly,2024-10-11,-103,0.0,0.0,0.0,0.0,0,0,0.0,0.0,0
170,Basic,Monthly,2024-05-15,46,23.0,101.0,-0.03225806451612903,0.0,3,0,1.0,-0.1472328696017223,0
171,Pro,Annual,2023-08-30,305,0.0,0.0,0.0,63.0,0,0,3.0,-0.3440704606794234,0
172,Pro,Monthly,2023-12-26,187,26.0,102.0,0.008870967741935482,0.0,0,0,0.0,0.0,0
173,Enterprise,Annual,2023-11-24,219,19.0,96.0,-0.04032258064516126,0.0,0,0,0.0,0.0,0
174,Pro,Annual,2024-09-14,-76,0.0,0.0,0.0,0.0,1,1,1.0,0.16601447959801144,0
175,Basic,Monthly,2023-03-13,475,23.0,94.0,0.004032258064516127,0.0,0,0,1.0,1.0,0
176,Pro,Monthly,2024-04-11,80,24.0,94.0,0.046370967741935464,0.0,1,0,4.0,-0.12298654372038051,0
177,Basic,Annual,2023-02-10,506,21.0,88.0,-0.018145161290322575,0.0,2,1,0.0,0.0,0
178,Basic,Monthly,2023-01-16,531,0.0,0.0,0.0,493.0,1,0,0.0,0.0,0
179,Basic,Monthly,2024-09-22,-84,0.0,0.0,0.0,0.0,2,0,1.0,-0.13407767119551053,0
180,Basic,Annual,2024-10-28,-120,0.0,0.0,0.0,0.0,0,1,0.0,0.0,0
181,Pro,Monthly,2023-07-10,356,19.0,90.0,-0.010483870967741934,0.0,2,0,0.0,0.0,0
182,Enterprise,Monthly,2023-09-17,287,22.0,86.0,-0.013306451612903227,0.0,1,0,1.0,0.2839425747441269,0
183,Enterprise,Monthly,2023-03-22,466,22.0,100.0,-0.008467741935483867,0.0,4,1,3.0,-0.08738197516239073,0
184,Pro,Monthly,2023-12-22,191,28.0,107.0,-0.02822580645161289,0.0,2,0,0.0,0.0,0
185,Pro,Annual,2023-07-14,352,26.0,95.0,0.006854838709677417,0.0,0,0,0.0,0.0,0
186,Basic,Annual,2023-07-11,355,24.0,89.0,0.03387096774193547,0.0,0,0,0.0,0.0,0
187,Basic,Annual,2023-09-19,285,28.0,90.0,0.024193548387096763,0.0,1,0,0.0,0.0,0
188,Pro,Annual,2024-07-02,-2,0.0,0.0,0.0,0.0,0,0,3.0,0.15451840994204455,0
189,Basic,Monthly,2023-01-26,521,25.0,92.0,-0.013306451612903225,0.0,2,0,0.0,0.0,0
190,Enterprise,Annual,2023-12-10,203,18.0,89.0,-0.0532258064516129,0.0,1,0,1.0,-0.5303144617206798,0
191,Pro,Monthly,2024-06-24,6,24.0,24.0,0.3571428571428571,0.0,2,0,0.0,0.0,0
192,Basic,Monthly,2024-02-17,134,28.0,96.0,0.02459677419354838,0.0,0,1,0.0,0.0,0
193,Basic,Monthly,2024-04-09,82,23.0,87.0,0.004838709677419353,0.0,3,0,0.0,0.0,0
194,Basic,Annual,2024-01-13,169,22.0,104.0,-0.03346774193548385,0.0,0,0,0.0,0.0,0
195,Pro,Monthly,2024-02-29,122,28.0,102.0,0.01532258064516129,0.0,1,1,3.0,-0.04487968222282109,0
196,Basic,Monthly,2024-02-08,143,28.0,104.0,0.021370967741935483,0.0,0,1,0.0,0.0,0
197,Basic,Annual,2024-04-01,90,19.0,73.0,-0.023790322580645146,0.0,0,0,0.0,0.0,0
198,Pro,Monthly,2024-05-23,38,11.0,74.0,-0.0769230769230769,1.0,0,0,2.0,0.641055988563054,1
199,Basic,Monthly,2023-08-05,330,23.0,95.0,0.004435483870967731,0.0,0,2,1.0,-0.8266016207742546,0
200,Basic,Annual,2024-01-17,165,26.0,96.0,-0.035887096774193536,0.0,1,1,0.0,0.0,0
201,Basic,Annual,2023-10-16,258,0.0,0.0,0.0,152.0,0,1,0.0,0.0,0
202,Basic,Monthly,2023-09-03,301,23.0,91.0,-0.0020161290322580675,0.0,0,0,0.0,0.0,0
203,Basic,Monthly,2024-03-01,121,20.0,80.0,0.04516129032258063,0.0,1,1,0.0,0.0,0
204,Basic,Monthly,2024-03-30,92,16.0,89.0,-0.027016129032258057,0.0,1,1,1.0,-0.5626950239490737,0
205,Pro,Annual,2024-04-08,83,21.0,95.0,-0.027016129032258054,0.0,1,0,4.0,0.48158033566403746,0
206,Basic,Annual,2023-10-28,246,19.0,82.0,-0.006048387096774185,0.0,1,0,1.0,0.34253430641590016,0
207,Enterprise,Monthly,2023-04-07,450,0.0,0.0,0.0,403.0,1,1,0.0,0.0,0
208,Enterprise,Annual,2023-07-22,344,18.0,81.0,-0.028629032258064513,0.0,0,0,0.0,0.0,0
209,Enterprise,Monthly,2024-09-24,-86,0.0,0.0,0.0,0.0,1,2,0.0,0.0,0
210,Basic,Annual,2024-06-03,27,27.0,93.0,-0.01778872468527641,0.0,0,0,3.0,0.5481917309959198,0
211,Enterprise,Monthly,2023-12-22,191,26.0,95.0,-0.02096774193548387,0.0,0,0,0.0,0.0,0
212,Enterprise,Annual,2024-05-13,48,27.0,83.0,0.0443548387096774,0.0,2,1,1.0,-0.18916154678420735,0
213,Basic,Monthly,2023-05-17,410,16.0,69.0,-0.017338709677419347,0.0,2,0,0.0,0.0,0
214,Pro,Annual,2023-10-29,245,9.0,76.0,-0.053333333333333316,0.0,2,1,0.0,0.0,1
215,Pro,Monthly,2023-01-19,528,0.0,0.0,0.0,327.0,0,0,1.0,0.45538153229596046,0
216,Basic,Annual,2023-02-14,502,24.0,93.0,0.012903225806451611,0.0,1,0,2.0,-0.3028931463832742,0
217,Pro,Monthly,2023-12-17,196,24.0,89.0,0.004838709677419358,0.0,0,1,0.0,0.0,0
218,Basic,Monthly,2023-01-16,531,0.0,0.0,0.0,454.0,0,0,0.0,0.0,0
219,Basic,Monthly,2023-09-11,293,23.0,99.0,-0.03024193548387096,0.0,1,1,1.0,-0.29121812869746205,0
220,Enterprise,Monthly,2024-03-04,118,24.0,83.0,0.006854838709677423,0.0,1,1,2.0,-0.2941219428876459,0
221,Basic,Monthly,2023-10-20,254,23.0,102.0,-0.04798387096774189,0.0,1,0,0.0,0.0,0
222,Basic,Monthly,2023-01-07,540,26.0,102.0,0.010080645161290324,0.0,0,2,4.0,-0.13971256813743846,0
223,Basic,Monthly,2023-05-10,417,20.0,93.0,-0.00887096774193548,0.0,1,1,2.0,-0.5379145461567822,0
224,Pro,Monthly,2023-11-28,215,27.0,95.0,0.0282258064516129,0.0,3,1,3.0,-0.07791398362400569,0
225,Basic,Monthly,2024-08-12,-43,0.0,0.0,0.0,0.0,3,1,1.0,0.38035141339080675,0
226,Basic,Monthly,2024-01-18,164,30.0,95.0,0.05846774193548386,0.0,0,0,4.0,-0.06231293304531556,0
227,Basic,Annual,2023-03-27,461,25.0,100.0,-0.009677419354838708,0.0,0,0,0.0,0.0,0
228,Pro,Annual,2024-07-16,-16,0.0,0.0,0.0,0.0,0,0,1.0,-0.06884186488013941,0
229,Pro,Monthly,2023-04-23,434,22.0,96.0,0.006048387096774194,0.0,1,0,0.0,0.0,0
230,Pro,Monthly,2023-03-21,467,19.0,89.0,-0.048387096774193526,0.0,0,1,1.0,0.3029923673882743,0
231,Basic,Annual,2023-06-18,378,27.0,89.0,0.012499999999999983,0.0,2,0,0.0,0.0,0
232,Basic,Monthly,2023-02-17,499,0.0,0.0,0.0,214.0,0,0,0.0,0.0,0
233,Basic,Monthly,2024-01-18,164,20.0,80.0,-0.004032258064516123,0.0,0,0,0.0,0.0,0
234,Basic,Annual,2024-01-30,152,26.0,92.0,0.01572580645161291,0.0,2,0,0.0,0.0,0
235,Basic,Monthly,2023-06-15,381,25.0,105.0,-0.009677419354838712,0.0,1,1,1.0,0.5194531165020728,0
236,Pro,Monthly,2023-01-25,522,23.0,100.0,-0.0568548387096774,0.0,0,0,0.0,0.0,0
237,Basic,Monthly,2023-11-05,238,23.0,89.0,0.0020161290322580497,0.0,0,0,0.0,0.0,0
238,Basic,Monthly,2023-06-18,378,24.0,111.0,-0.060483870967741916,0.0,1,0,0.0,0.0,0
239,Basic,Monthly,2024-06-30,0,5.0,5.0,0.0,0.0,0,1,2.0,0.30400123022788644,0
240,Enterprise,Monthly,2024-04-28,63,25.0,102.0,0.017338709677419347,0.0,1,0,1.0,0.2429890265765733,0
241,Basic,Monthly,2024-10-22,-114,0.0,0.0,0.0,0.0,0,0,0.0,0.0,0
242,Pro,Annual,2024-10-22,-114,0.0,0.0,0.0,0.0,2,0,0.0,0.0,0
243,Basic,Annual,2023-05-17,410,32.0,110.0,-0.0032258064516128993,0.0,1,1,1.0,-0.911621979572408,0
244,Enterprise,Annual,2023-03-25,463,26.0,105.0,0.0020161290322580723,0.0,1,0,0.0,0.0,0
245,Pro,Monthly,2024-03-11,111,28.0,110.0,0.019758064516129027,0.0,1,0,0.0,0.0,0
246,Pro,Monthly,2023-08-25,310,23.0,95.0,-0.0032258064516128993,0.0,0,0,0.0,0.0,0
247,Pro,Annual,2024-03-07,115,31.0,121.0,-0.008870967741935475,0.0,1,0,2.0,0.1677725050703526,0
248,Pro,Annual,2024-06-05,25,13.0,37.0,-0.04411764705882353,0.0,0,1,1.0,0.46478043205760206,1
249,Pro,Monthly,2023-12-21,192,21.0,89.0,-0.018548387096774192,0.0,3,2,1.0,-0.5561582829468498,0
250,Basic,Monthly,2023-06-08,388,31.0,106.0,-0.009677419354838707,0.0,0,0,1.0,-0.035715213637080044,0
251,Enterprise,Annual,2024-03-14,108,13.0,81.0,-0.07142857142857142,0.0,2,0,1.0,-0.6146325848005739,1
252,Pro,Annual,2023-04-02,455,0.0,0.0,0.0,213.0,0,0,0.0,0.0,0
253,Basic,Monthly,2024-09-25,-87,0.0,0.0,0.0,0.0,0,1,0.0,0.0,0
254,Basic,Monthly,2024-07-14,-14,0.0,0.0,0.0,0.0,1,0,1.0,-0.8580848267763795,0
255,Basic,Monthly,2023-03-09,479,22.0,101.0,-0.05443548387096773,0.0,2,0,0.0,0.0,0
256,Pro,Annual,2024-07-30,-30,0.0,0.0,0.0,0.0,0,0,2.0,0.471604159905662,0
257,Basic,Annual,2024-08-06,-37,0.0,0.0,0.0,0.0,1,0,0.0,0.0,0
258,Pro,Annual,2024-06-04,26,27.0,99.0,-0.027472527472527482,0.0,1,0,0.0,0.0,0
259,Basic,Annual,2024-01-04,178,24.0,87.0,0.016532258064516123,0.0,0,0,1.0,0.6978982512929758,0
260,Pro,Monthly,2023-08-13,322,20.0,82.0,-0.016532258064516123,0.0,2,0,0.0,0.0,0
261,Pro,Monthly,2024-07-11,-11,0.0,0.0,0.0,0.0,4,0,0.0,0.0,0
262,Basic,Monthly,2023-03-08,480,16.0,85.0,-0.0564516129032258,0.0,0,0,1.0,0.006139836611752229,0
263,Basic,Monthly,2023-03-05,483,25.0,88.0,0.03306451612903224,0.0,1,1,3.0,-0.06406909624224204,0
264,Basic,Monthly,2023-11-10,233,22.0,103.0,-0.018145161290322575,0.0,0,2,0.0,0.0,0
265,Basic,Monthly,2023-09-27,277,27.0,90.0,0.01975806451612901,0.0,0,1,0.0,0.0,0
266,Basic,Monthly,2024-10-15,-107,0.0,0.0,0.0,0.0,1,1,4.0,-0.12033165656689318,0
267,Basic,Monthly,2024-06-26,4,13.0,13.0,0.1999999999999999,0.0,0,2,0.0,0.0,0
268,Enterprise,Monthly,2024-03-06,116,21.0,80.0,-0.01693548387096775,0.0,0,0,0.0,0.0,0
269,Basic,Monthly,2023-11-27,216,0.0,0.0,0.0,63.0,1,0,0.0,0.0,0
270,Pro,Monthly,2024-03-11,111,22.0,98.0,-0.0008064516129032316,0.0,0,1,1.0,0.397278404712628,0
271,Basic,Monthly,2023-02-05,511,24.0,95.0,-0.018145161290322575,0.0,1,1,2.0,0.10446039519555089,0
272,Pro,Annual,2023-04-05,452,28.0,96.0,0.01129032258064516,0.0,0,0,0.0,0.0,0
273,Basic,Annual,2023-06-16,380,0.0,0.0,0.0,240.0,1,0,0.0,0.0,0
274,Enterprise,Monthly,2023-10-02,272,26.0,98.0,-0.00241935483870968,0.0,0,0,0.0,0.0,0
275,Enterprise,Monthly,2024-05-16,45,29.0,94.0,-0.0024193548387096723,0.0,1,0,0.0,0.0,0
276,Basic,Monthly,2023-06-09,387,33.0,104.0,0.0004032258064516158,0.0,0,0,0.0,0.0,0
277,Basic,Annual,2023-03-15,473,18.0,91.0,-0.047177419354838705,0.0,0,0,0.0,0.0,0
278,Pro,Monthly,2024-05-23,38,19.0,97.0,-0.06330645161290321,0.0,0,1,0.0,0.0,0
279,Basic,Monthly,2023-03-29,459,20.0,90.0,0.004032258064516122,0.0,2,0,0.0,0.0,0
280,Basic,Monthly,2023-09-22,282,24.0,96.0,-0.00483870967741936,0.0,0,0,0.0,0.0,0
281,Basic,Annual,2024-02-26,125,23.0,89.0,-0.018951612903225782,0.0,1,0,0.0,0.0,0
282,Basic,Monthly,2024-01-08,174,25.0,101.0,-0.023790322580645153,0.0,1,0,0.0,0.0,0
283,Basic,Monthly,2024-02-06,145,21.0,89.0,-0.01209677419354839,0.0,0,0,3.0,0.1176634412969153,0
284,Enterprise,Monthly,2023-06-12,384,14.0,81.0,-0.04233870967741935,0.0,1,0,3.0,-0.10996598048856727,0
285,Basic,Monthly,2024-07-27,-27,0.0,0.0,0.0,0.0,0,1,0.0,0.0,0
286,Pro,Monthly,2024-05-29,32,24.0,97.0,-0.01532258064516128,0.0,1,0,3.0,-0.046552718916403966,0
287,Pro,Monthly,2023-04-12,445,22.0,85.0,-0.010483870967741936,0.0,1,0,0.0,0.0,0
288,Enterprise,Monthly,2024-09-11,-73,0.0,0.0,0.0,0.0,2,0,0.0,0.0,0
289,Basic,Annual,2024-02-08,143,25.0,108.0,-0.03790322580645161,0.0,0,0,0.0,0.0,0
290,Basic,Annual,2023-03-31,457,0.0,0.0,0.0,178.0,1,0,0.0,0.0,0
291,Enterprise,Monthly,2023-03-30,458,30.0,99.0,0.03951612903225805,0.0,0,0,0.0,0.0,0
292,Basic,Annual,2023-04-24,433,23.0,95.0,0.012499999999999983,0.0,1,0,1.0,0.2142092915790284,0
293,Basic,Annual,2024-01-26,156,0.0,0.0,0.0,125.0,1,1,3.0,0.10279796020984118,0
294,Basic,Monthly,2023-09-16,288,0.0,0.0,0.0,188.0,0,1,0.0,0.0,0
295,Pro,Monthly,2024-06-08,22,23.0,69.0,-0.012845849802371537,0.0,0,0,0.0,0.0,0
296,Basic,Monthly,2023-10-26,248,22.0,89.0,-0.019354838709677413,0.0,2,0,2.0,-0.05980985069953801,0
297,Basic,Monthly,2023-10-18,256,0.0,15.0,-0.0119047619047619,19.0,0,1,0.0,0.0,0
298,Enterprise,Monthly,2023-08-06,329,27.0,86.0,0.03104838709677418,0.0,0,0,3.0,0.15949656607195142,0
299,Pro,Annual,2024-06-25,5,15.0,15.0,0.08571428571428572,0.0,0,0,1.0,-0.01254095637848888,0
300,Basic,Monthly,2023-08-02,333,23.0,101.0,-0.026612903225806443,0.0,2,0,0.0,0.0,0
301,Pro,Monthly,2023-01-12,535,0.0,0.0,0.0,408.0,0,1,0.0,0.0,0
302,Pro,Monthly,2023-07-08,358,19.0,85.0,0.011290322580645166,0.0,2,0,0.0,0.0,0
303,Basic,Monthly,2023-04-13,444,25.0,94.0,0.013306451612903211,0.0,1,0,1.0,0.32825842870202276,0
304,Basic,Annual,2023-09-19,285,31.0,110.0,0.026209677419354836,0.0,0,0,0.0,0.0,0
305,Basic,Monthly,2024-10-07,-99,0.0,0.0,0.0,0.0,2,0,0.0,0.0,0
306,Basic,Monthly,2023-10-28,246,16.0,81.0,-0.0411290322580645,0.0,0,0,0.0,0.0,0
307,Pro,Monthly,2024-04-17,74,17.0,92.0,-0.03588709677419354,0.0,2,0,0.0,0.0,0
308,Enterprise,Annual,2023-07-21,345,30.0,99.0,0.04072580645161291,0.0,0,0,0.0,0.0,0
309,Enterprise,Monthly,2023-02-03,513,27.0,102.0,0.004435483870967731,0.0,2,0,0.0,0.0,0
310,Pro,Monthly,2023-10-26,248,25.0,86.0,0.0161290322580645,0.0,3,0,0.0,0.0,0
311,Enterprise,Monthly,2023-04-21,436,25.0,91.0,-0.008064516129032253,0.0,3,0,1.0,-0.13060872193633216,0
312,Pro,Monthly,2023-12-21,192,28.0,95.0,0.014112903225806443,0.0,2,1,0.0,0.0,0
313,Basic,Monthly,2024-03-26,96,24.0,98.0,-0.021774193548387076,0.0,1,1,4.0,0.6064772466195281,0
314,Enterprise,Monthly,2024-06-06,24,21.0,73.0,-0.027692307692307686,0.0,1,0,1.0,0.01260230497965543,0
315,Pro,Annual,2023-01-09,538,29.0,90.0,0.0475806451612903,0.0,2,1,2.0,0.11150586441045236,0
316,Pro,Monthly,2023-09-07,297,22.0,96.0,3.065399537652102e-18,0.0,1,0,0.0,0.0,0
317,Pro,Monthly,2023-05-30,397,17.0,82.0,-0.04032258064516128,0.0,0,0,0.0,0.0,0
318,Basic,Monthly,2023-08-25,310,0.0,0.0,0.0,104.0,2,0,0.0,0.0,0
319,Basic,Annual,2023-07-04,362,25.0,82.0,0.00564516129032258,0.0,1,0,0.0,0.0,0
320,Basic,Annual,2024-06-02,28,25.0,91.0,-0.011330049261083754,0.0,0,0,1.0,-0.07808583262061075,0
321,Pro,Monthly,2023-07-18,348,0.0,0.0,0.0,180.0,1,0,0.0,0.0,0
322,Basic,Monthly,2023-05-05,422,0.0,0.0,0.0,201.0,0,1,0.0,0.0,0
323,Basic,Monthly,2023-05-03,424,24.0,100.0,-0.01209677419354837,0.0,1,1,0.0,0.0,0
324,Pro,Monthly,2023-12-27,186,26.0,90.0,0.022983870967741935,0.0,1,1,2.0,-0.06691909733896764,0
325,Pro,Monthly,2023-12-27,186,0.0,0.0,0.0,80.0,0,0,0.0,0.0,0
326,Enterprise,Monthly,2024-06-17,13,11.0,29.0,-0.2482517482517481,1.0,0,0,0.0,0.0,1
327,Basic,Monthly,2024-05-10,51,21.0,92.0,0.010887096774193552,0.0,0,1,3.0,-0.1107078655241535,0
328,Pro,Monthly,2024-02-07,144,21.0,99.0,-0.05080645161290322,0.0,4,1,0.0,0.0,0
329,Basic,Monthly,2024-02-14,137,0.0,0.0,0.0,63.0,1,1,1.0,0.4749976163777615,0
330,Basic,Monthly,2024-10-14,-106,0.0,0.0,0.0,0.0,0,0,2.0,0.18482962092520958,0
331,Basic,Monthly,2024-10-03,-95,0.0,0.0,0.0,0.0,1,1,2.0,-0.47232482489938293,0
332,Enterprise,Annual,2023-10-27,247,22.0,80.0,0.0443548387096774,0.0,0,1,0.0,0.0,0
333,Basic,Monthly,2024-04-25,66,22.0,98.0,-0.004032258064516149,0.0,1,0,3.0,-0.25878808398952874,0
334,Basic,Monthly,2024-10-03,-95,0.0,0.0,0.0,0.0,0,0,0.0,0.0,0
335,Basic,Monthly,2023-10-25,249,0.0,0.0,0.0,79.0,0,0,0.0,0.0,0
336,Enterprise,Annual,2023-03-31,457,0.0,0.0,0.0,301.0,0,0,0.0,0.0,0
337,Pro,Monthly,2023-10-25,249,28.0,93.0,-0.0016129032258064499,0.0,1,0,0.0,0.0,0
338,Enterprise,Monthly,2024-01-30,152,0.0,0.0,0.0,120.0,3,1,0.0,0.0,0
339,Pro,Monthly,2023-08-05,330,22.0,100.0,-0.014516129032258063,0.0,2,0,0.0,0.0,0
340,Pro,Annual,2024-05-06,55,25.0,105.0,-0.01088709677419355,0.0,2,0,0.0,0.0,0
341,Basic,Monthly,2024-02-13,138,31.0,106.0,0.048387096774193526,0.0,4,0,0.0,0.0,0
342,Basic,Monthly,2023-09-16,288,25.0,103.0,0.011290322580645154,0.0,0,2,0.0,0.0,0
343,Enterprise,Monthly,2023-06-03,393,20.0,87.0,-0.01774193548387096,0.0,2,0,0.0,0.0,0
344,Basic,Monthly,2023-07-26,340,27.0,94.0,0.026209677419354826,0.0,0,0,2.0,-0.04523792955850511,0
345,Basic,Annual,2023-10-03,271,0.0,0.0,0.0,50.0,2,1,0.0,0.0,0
346,Enterprise,Monthly,2024-01-17,165,25.0,89.0,0.004838709677419362,0.0,1,0,0.0,0.0,0
347,Basic,Annual,2024-01-25,157,22.0,93.0,0.018145161290322575,0.0,4,1,0.0,0.0,0
348,Enterprise,Monthly,2024-03-10,112,29.0,102.0,0.037096774193548385,0.0,0,0,2.0,0.1465961347801905,0
349,Pro,Monthly,2024-08-23,-54,0.0,0.0,0.0,0.0,0,0,0.0,0.0,0
350,Pro,Monthly,2024-06-16,14,25.0,41.0,0.10357142857142855,0.0,1,0,1.0,-0.30416590522267783,0
351,Basic,Monthly,2023-08-09,326,0.0,0.0,0.0,142.0,1,1,0.0,0.0,0
352,Pro,Monthly,2023-03-11,477,26.0,91.0,0.009677419354838707,0.0,0,0,0.0,0.0,0
353,Basic,Monthly,2023-04-15,442,21.0,92.0,-0.0036290322580645085,0.0,1,0,0.0,0.0,0
354,Enterprise,Monthly,2023-04-28,429,23.0,98.0,-0.04072580645161289,0.0,0,0,0.0,0.0,0
355,Pro,Monthly,2024-01-06,176,23.0,91.0,-0.006854838709677417,0.0,1,1,2.0,-0.07169651047820595,0
356,Pro,Monthly,2024-10-28,-120,0.0,0.0,0.0,0.0,0,1,0.0,0.0,0
357,Pro,Monthly,2023-04-08,449,0.0,0.0,0.0,294.0,2,1,1.0,-0.8444782646259331,0
358,Basic,Annual,2024-07-26,-26,0.0,0.0,0.0,0.0,0,1,0.0,0.0,0
359,Basic,Annual,2023-02-04,512,28.0,98.0,-0.024193548387096767,0.0,1,0,0.0,0.0,0
360,Basic,Monthly,2023-02-02,514,28.0,101.0,0.012903225806451606,0.0,2,0,0.0,0.0,0
361,Pro,Monthly,2023-12-02,211,18.0,90.0,-0.031854838709677404,0.0,1,0,0.0,0.0,0
362,Pro,Monthly,2024-03-09,113,31.0,90.0,0.06612903225806448,0.0,0,0,0.0,0.0,0
363,Pro,Monthly,2023-03-30,458,23.0,89.0,-0.022580645161290314,0.0,0,0,1.0,0.8852137301697311,0
364,Basic,Monthly,2023-10-05,269,19.0,92.0,-0.028225806451612892,0.0,2,0,0.0,0.0,0
365,Enterprise,Monthly,2023-03-12,476,0.0,0.0,0.0,235.0,0,0,3.0,-0.23629682050078493,0
366,Pro,Monthly,2024-08-16,-47,0.0,0.0,0.0,0.0,2,0,3.0,0.0031093570851122485,0
367,Pro,Monthly,2023-03-25,463,34.0,102.0,0.04516129032258063,0.0,0,1,0.0,0.0,0
368,Basic,Annual,2023-09-11,293,23.0,81.0,0.01653225806451613,0.0,0,0,1.0,0.3116079085447034,0
369,Basic,Monthly,2023-12-07,206,22.0,101.0,0.006451612903225803,0.0,0,0,4.0,0.3773751717533661,0
370,Basic,Monthly,2024-09-26,-88,0.0,0.0,0.0,0.0,3,0,0.0,0.0,0
371,Enterprise,Annual,2024-03-05,117,8.0,33.0,0.00441176470588235,4.0,2,2,0.0,0.0,0
372,Pro,Monthly,2023-10-30,244,22.0,97.0,-0.06048387096774189,0.0,2,0,0.0,0.0,0
373,Basic,Annual,2024-02-13,138,23.0,83.0,0.02379032258064516,0.0,1,0,0.0,0.0,0
374,Basic,Monthly,2024-07-03,-3,0.0,0.0,0.0,0.0,0,2,0.0,0.0,0
375,Pro,Annual,2024-07-10,-10,0.0,0.0,0.0,0.0,0,0,3.0,-0.13254825690496796,0
376,Basic,Monthly,2024-05-03,58,22.0,95.0,-0.015322580645161269,0.0,1,2,0.0,0.0,0
377,Pro,Annual,2023-06-06,390,0.0,0.0,0.0,219.0,1,0,0.0,0.0,0
378,Pro,Monthly,2024-03-15,107,0.0,5.0,0.0,27.0,0,0,2.0,0.15675253965131775,0
379,Basic,Monthly,2023-05-01,426,26.0,93.0,0.0008064516129032181,0.0,2,0,0.0,0.0,0
380,Basic,Annual,2024-09-12,-74,0.0,0.0,0.0,0.0,0,1,1.0,0.870686164677025,0
381,Basic,Monthly,2023-03-16,472,20.0,79.0,0.006048387096774196,0.0,1,0,0.0,0.0,0
382,Pro,Monthly,2024-06-10,20,28.0,71.0,0.006493506493506488,0.0,2,0,0.0,0.0,0
383,Pro,Monthly,2023-05-18,409,22.0,92.0,-0.0016129032258064586,0.0,1,0,4.0,0.4096365849876753,0
384,Basic,Monthly,2024-03-13,109,28.0,99.0,-0.004032258064516126,0.0,0,0,2.0,0.5550026017215055,0
385,Basic,Monthly,2023-03-29,459,0.0,0.0,0.0,275.0,1,2,3.0,-0.4494825545959899,0
386,Basic,Monthly,2024-01-06,176,22.0,102.0,-0.0020161290322580853,0.0,1,0,0.0,0.0,0
387,Basic,Monthly,2023-10-11,263,23.0,88.0,0.015322580645161288,0.0,2,0,0.0,0.0,0
388,Pro,Annual,2023-07-01,365,25.0,99.0,0.017338709677419354,0.0,0,0,0.0,0.0,0
389,Basic,Monthly,2024-10-17,-109,0.0,0.0,0.0,0.0,0,0,0.0,0.0,0
390,Basic,Monthly,2024-03-27,95,24.0,105.0,-0.043548387096774166,0.0,0,0,1.0,-1.0,0
391,Basic,Monthly,2024-02-26,125,19.0,94.0,-0.02782258064516128,0.0,1,0,0.0,0.0,0
392,Enterprise,Monthly,2023-03-15,473,34.0,107.0,0.017338709677419347,0.0,0,1,0.0,0.0,0
393,Pro,Monthly,2023-12-08,205,27.0,103.0,0.011693548387096766,0.0,1,0,2.0,-0.3854663049703377,0
394,Basic,Monthly,2023-09-29,275,18.0,93.0,-0.03024193548387096,0.0,1,1,0.0,0.0,0
395,Basic,Monthly,2023-11-23,220,0.0,0.0,0.0,84.0,0,1,0.0,0.0,0
396,Basic,Monthly,2023-10-05,269,26.0,88.0,0.03185483870967742,0.0,0,0,0.0,0.0,0
397,Pro,Monthly,2023-07-16,350,28.0,108.0,-0.008870967741935484,0.0,0,0,0.0,0.0,0
398,Basic,Monthly,2024-06-24,6,13.0,13.0,0.2857142857142856,0.0,1,0,1.0,1.0,0
399,Pro,Annual,2024-06-23,7,21.0,21.0,0.130952380952381,0.0,2,0,0.0,0.0,0
400,Basic,Monthly,2023-07-15,351,26.0,88.0,-0.014516129032258065,0.0,0,0,0.0,0.0,0
401,Pro,Monthly,2023-11-24,219,26.0,98.0,0.01008064516129032,0.0,3,2,0.0,0.0,0
402,Basic,Monthly,2024-09-18,-80,0.0,0.0,0.0,0.0,0,0,0.0,0.0,0
403,Basic,Annual,2023-03-05,483,23.0,86.0,-0.03467741935483871,0.0,1,0,3.0,-0.3453457413724989,0
404,Basic,Annual,2024-03-05,117,24.0,98.0,-0.04153225806451613,0.0,1,0,1.0,1.0,0
405,Basic,Annual,2024-03-14,108,21.0,86.0,-0.02540322580645161,0.0,0,1,0.0,0.0,0
406,Basic,Monthly,2023-10-12,262,29.0,98.0,0.03911290322580645,0.0,0,1,1.0,-0.28150539126282287,0
407,Pro,Monthly,2024-07-02,-2,0.0,0.0,0.0,0.0,0,0,0.0,0.0,0
408,Pro,Monthly,2024-05-15,46,26.0,101.0,-0.003629032258064513,0.0,0,1,0.0,0.0,0
409,Basic,Monthly,2023-11-04,239,23.0,78.0,0.01572580645161289,0.0,2,1,0.0,0.0,0
410,Pro,Annual,2024-04-17,74,20.0,91.0,-0.0568548387096774,0.0,1,0,0.0,0.0,0
411,Basic,Annual,2023-04-12,445,27.0,97.0,-0.014112903225806446,0.0,2,0,0.0,0.0,0
412,Basic,Monthly,2024-02-19,132,21.0,97.0,-0.0012096774193548394,0.0,1,0,2.0,-0.5343619535757853,0
413,Pro,Monthly,2023-01-22,525,33.0,97.0,0.061693548387096765,0.0,1,0,0.0,0.0,0
414,Pro,Annual,2024-09-01,-63,0.0,0.0,0.0,0.0,2,1,3.0,-0.1911972739549356,0
415,Basic,Monthly,2023-10-17,257,21.0,92.0,0.007258064516129026,0.0,1,0,4.0,0.033751313152677036,0
416,Basic,Monthly,2024-01-11,171,25.0,90.0,-0.020967741935483862,0.0,1,2,0.0,0.0,0
417,Enterprise,Monthly,2024-09-15,-77,0.0,0.0,0.0,0.0,0,0,0.0,0.0,0
418,Basic,Annual,2024-08-29,-60,0.0,0.0,0.0,0.0,0,0,2.0,-0.1659544785971536,0
419,Enterprise,Monthly,2024-05-27,34,25.0,88.0,-0.0008064516129032181,0.0,1,0,2.0,-0.1239081641246938,0
420,Pro,Monthly,2024-01-07,175,0.0,0.0,0.0,101.0,1,2,1.0,0.7666060931391054,0
421,Basic,Monthly,2023-04-21,436,30.0,104.0,0.020967741935483862,0.0,1,0,0.0,0.0,0
422,Basic,Monthly,2023-03-04,484,34.0,102.0,0.04274193548387097,0.0,1,1,3.0,0.1836680146517656,0
423,Basic,Monthly,2023-03-30,458,0.0,0.0,0.0,292.0,1,1,0.0,0.0,0
424,Basic,Annual,2023-11-09,234,32.0,93.0,0.07701612903225802,0.0,1,2,0.0,0.0,0
425,Enterprise,Annual,2023-10-21,253,27.0,99.0,0.008467741935483875,0.0,1,0,1.0,0.7075783104382959,0
426,Basic,Annual,2023-09-19,285,0.0,7.0,0.0,27.0,2,0,0.0,0.0,0
427,Basic,Annual,2024-04-20,71,27.0,95.0,0.013306451612903215,0.0,0,0,0.0,0.0,0
428,Enterprise,Monthly,2023-03-06,482,0.0,0.0,0.0,386.0,0,0,1.0,0.04051108884606537,0
429,Enterprise,Monthly,2024-09-25,-87,0.0,0.0,0.0,0.0,0,0,0.0,0.0,0
430,Basic,Monthly,2023-07-02,364,28.0,92.0,0.04596774193548384,0.0,3,1,2.0,1.0,0
431,Basic,Monthly,2024-07-15,-15,0.0,0.0,0.0,0.0,2,0,1.0,0.5829425705726132,0
432,Pro,Monthly,2023-03-18,470,21.0,90.0,-0.04919354838709676,0.0,0,0,4.0,0.3222276065700407,0
433,Basic,Monthly,2024-03-01,121,0.0,0.0,0.0,44.0,0,0,2.0,-0.8549775537997325,0
434,Pro,Monthly,2023-12-30,183,0.0,0.0,0.0,39.0,0,0,0.0,0.0,0
435,Pro,Annual,2023-07-31,335,0.0,0.0,0.0,131.0,0,0,0.0,0.0,0
436,Basic,Monthly,2023-04-08,449,31.0,103.0,0.02419354838709677,0.0,2,0,0.0,0.0,0
437,Pro,Monthly,2024-09-08,-70,0.0,0.0,0.0,0.0,1,0,0.0,0.0,0
438,Enterprise,Monthly,2023-01-15,532,33.0,96.0,0.04556451612903225,0.0,1,0,0.0,0.0,0
439,Pro,Monthly,2023-08-12,323,17.0,80.0,-0.018548387096774185,0.0,0,0,3.0,-0.2437062490630524,0
440,Basic,Monthly,2024-07-05,-5,0.0,0.0,0.0,0.0,1,1,2.0,0.47293554975474095,0
441,Basic,Annual,2024-01-13,169,0.0,0.0,0.0,56.0,0,0,0.0,0.0,0
442,Basic,Monthly,2023-03-27,461,29.0,90.0,0.049193548387096754,0.0,1,0,0.0,0.0,0
443,Enterprise,Monthly,2023-05-07,420,22.0,92.0,0.00766129032258064,0.0,1,0,0.0,0.0,0
444,Pro,Monthly,2023-11-11,232,0.0,0.0,0.0,142.0,2,1,1.0,0.9771693273427751,0
445,Basic,Monthly,2024-04-03,88,30.0,93.0,0.04233870967741935,0.0,0,0,0.0,0.0,0
446,Basic,Monthly,2024-03-24,98,30.0,108.0,-0.009677419354838698,0.0,2,0,0.0,0.0,0
447,Pro,Annual,2023-02-23,493,18.0,89.0,-0.022983870967741928,0.0,1,0,1.0,-1.0,0
448,Pro,Monthly,2023-04-23,434,30.0,99.0,0.0012096774193548362,0.0,0,1,0.0,0.0,0
449,Pro,Monthly,2024-07-28,-28,0.0,0.0,0.0,0.0,0,0,0.0,0.0,0
450,Basic,Monthly,2023-01-24,523,24.0,86.0,0.022580645161290304,0.0,1,1,1.0,-0.019616848856455867,0
451,Enterprise,Monthly,2023-05-22,405,32.0,93.0,0.06088709677419354,0.0,1,0,0.0,0.0,0
452,Pro,Monthly,2023-05-02,425,0.0,0.0,0.0,141.0,0,0,1.0,-1.0,0
453,Basic,Monthly,2024-05-22,39,27.0,103.0,0.027016129032258054,0.0,0,0,0.0,0.0,0
454,Basic,Annual,2023-06-12,384,24.0,91.0,0.0048387096774193524,0.0,0,1,2.0,0.310881238478066,0
455,Pro,Monthly,2024-04-27,64,14.0,87.0,-0.05201612903225804,0.0,2,1,3.0,-0.3032851601874441,0
456,Enterprise,Monthly,2024-10-08,-100,0.0,0.0,0.0,0.0,3,0,2.0,-0.009175117750291617,0
457,Basic,Monthly,2023-08-19,316,28.0,111.0,-0.012499999999999992,0.0,0,2,0.0,0.0,0
458,Enterprise,Monthly,2023-02-14,502,31.0,107.0,0.012499999999999995,0.0,0,0,0.0,0.0,0
459,Pro,Annual,2024-07-15,-15,0.0,0.0,0.0,0.0,1,0,0.0,0.0,0
460,Basic,Monthly,2024-05-21,40,20.0,100.0,-0.05967741935483869,0.0,1,0,0.0,0.0,0
461,Basic,Monthly,2023-07-03,363,23.0,79.0,0.026209677419354836,0.0,0,1,0.0,0.0,0
462,Enterprise,Monthly,2023-05-12,415,0.0,0.0,0.0,282.0,3,0,0.0,0.0,0
463,Pro,Annual,2024-07-23,-23,0.0,0.0,0.0,0.0,3,0,0.0,0.0,0
464,Pro,Monthly,2023-09-04,300,19.0,97.0,-0.06048387096774192,0.0,0,0,0.0,0.0,0
465,Enterprise,Monthly,2024-09-18,-80,0.0,0.0,0.0,0.0,2,1,0.0,0.0,0
466,Basic,Monthly,2023-06-09,387,0.0,0.0,0.0,137.0,3,0,1.0,-0.31815457102346445,0
467,Basic,Annual,2024-06-10,20,26.0,61.0,0.024675324675324673,0.0,0,0,0.0,0.0,0
468,Basic,Annual,2024-02-04,147,28.0,102.0,-0.00887096774193548,0.0,2,1,2.0,-0.34268180471217957,0
469,Pro,Annual,2023-09-10,294,18.0,86.0,-0.03629032258064516,0.0,0,0,2.0,-0.5254581593808091,0
470,Pro,Annual,2024-08-19,-50,0.0,0.0,0.0,0.0,0,1,0.0,0.0,0
471,Basic,Annual,2024-03-22,100,21.0,78.0,-0.024999999999999984,0.0,0,0,0.0,0.0,0
472,Basic,Monthly,2023-04-30,427,27.0,99.0,0.023790322580645163,0.0,3,0,0.0,0.0,0
473,Enterprise,Monthly,2023-08-02,333,25.0,89.0,0.018548387096774192,0.0,4,0,0.0,0.0,0
474,Pro,Monthly,2024-07-12,-12,0.0,0.0,0.0,0.0,1,0,0.0,0.0,0
475,Basic,Monthly,2023-02-23,493,29.0,102.0,0.008467741935483867,0.0,0,0,4.0,0.18242769320700475,0
476,Enterprise,Monthly,2023-11-16,227,31.0,101.0,0.013709677419354829,0.0,1,0,4.0,0.15575651413000163,0
477,Basic,Annual,2023-06-03,393,0.0,0.0,0.0,104.0,1,1,1.0,-0.3183006885663165,0
478,Basic,Monthly,2024-03-22,100,0.0,0.0,0.0,50.0,2,0,2.0,-0.2552609813388972,0
479,Pro,Annual,2023-03-10,478,0.0,0.0,0.0,431.0,0,1,0.0,0.0,0
480,Basic,Monthly,2024-07-30,-30,0.0,0.0,0.0,0.0,2,1,0.0,0.0,0
481,Pro,Monthly,2023-06-24,372,29.0,95.0,0.04999999999999998,0.0,1,0,0.0,0.0,0
482,Basic,Monthly,2024-06-29,1,5.0,5.0,0.0,0.0,0,1,0.0,0.0,0
483,Pro,Annual,2024-04-20,71,24.0,85.0,-0.007258064516129037,0.0,0,0,2.0,-0.9545573186595657,0
484,Basic,Monthly,2023-06-15,381,28.0,94.0,0.021370967741935486,0.0,0,0,0.0,0.0,0
485,Pro,Monthly,2024-01-08,174,32.0,104.0,0.045161290322580615,0.0,1,1,0.0,0.0,0
486,Basic,Monthly,2023-07-18,348,32.0,108.0,0.01451612903225806,0.0,0,0,0.0,0.0,0
487,Basic,Monthly,2024-05-02,59,17.0,76.0,-0.0411290322580645,0.0,0,0,3.0,0.3944977274001344,0
488,Pro,Monthly,2024-05-01,60,23.0,93.0,0.012499999999999999,0.0,2,0,0.0,0.0,0
489,Basic,Annual,2024-07-28,-28,0.0,0.0,0.0,0.0,0,0,0.0,0.0,0
490,Basic,Monthly,2023-08-04,331,28.0,95.0,0.03709677419354837,0.0,0,0,0.0,0.0,0
491,Basic,Monthly,2024-03-25,97,17.0,79.0,-0.018145161290322568,0.0,1,0,0.0,0.0,0
492,Enterprise,Annual,2024-04-27,64,27.0,104.0,0.01653225806451613,0.0,1,0,0.0,0.0,0
493,Pro,Annual,2023-03-13,475,0.0,0.0,0.0,254.0,0,0,0.0,0.0,0
494,Basic,Annual,2024-05-31,30,29.0,94.0,0.007258064516129029,0.0,0,0,0.0,0.0,0
495,Basic,Monthly,2023-07-05,361,25.0,89.0,0.05080645161290321,0.0,0,0,3.0,-0.47170462499815496,0
496,Enterprise,Monthly,2023-11-07,236,0.0,0.0,0.0,89.0,0,0,0.0,0.0,0
497,Basic,Annual,2023-03-13,475,20.0,88.0,-0.010887096774193543,0.0,0,0,1.0,-0.8533522257586045,0
498,Pro,Monthly,2024-08-23,-54,0.0,0.0,0.0,0.0,1,1,0.0,0.0,0
499,Pro,Monthly,2023-07-10,356,30.0,96.0,0.035887096774193536,0.0,1,1,0.0,0.0,0
500,Basic,Monthly,2024-03-29,93,25.0,95.0,0.01814516129032257,0.0,1,0,0.0,0.0,0
501,Enterprise,Monthly,2024-05-07,54,16.0,100.0,-0.05443548387096772,0.0,0,2,0.0,0.0,0
502,Basic,Monthly,2024-04-13,78,25.0,104.0,-0.009274193548387084,0.0,1,0,0.0,0.0,0
503,Basic,Annual,2023-07-23,343,0.0,0.0,0.0,211.0,1,0,0.0,0.0,0
504,Basic,Monthly,2023-07-23,343,0.0,0.0,0.0,260.0,2,0,0.0,0.0,0
505,Pro,Annual,2023-03-10,478,22.0,97.0,-0.02096774193548387,0.0,0,2,0.0,0.0,0
506,Basic,Annual,2024-05-08,53,23.0,87.0,-0.02459677419354839,0.0,1,1,0.0,0.0,0
507,Pro,Monthly,2024-03-30,92,22.0,87.0,-0.015322580645161283,0.0,2,0,1.0,-0.6489288021686369,0
508,Basic,Annual,2024-07-22,-22,0.0,0.0,0.0,0.0,0,0,0.0,0.0,0
509,Basic,Monthly,2024-10-26,-118,0.0,0.0,0.0,0.0,0,2,0.0,0.0,0
510,Pro,Monthly,2023-10-01,273,13.0,91.0,-0.07419354838709674,0.0,0,1,3.0,0.8056501125012286,0
511,Enterprise,Monthly,2023-01-25,522,19.0,94.0,-0.016129032258064505,0.0,0,0,4.0,0.19171773409105056,0
512,Basic,Monthly,2023-12-14,199,22.0,91.0,-0.026209677419354826,0.0,0,0,0.0,0.0,0
513,Basic,Monthly,2024-05-14,47,21.0,86.0,0.005241935483870967,0.0,0,0,1.0,-0.11420320685016491,0
514,Basic,Monthly,2023-10-05,269,24.0,97.0,-0.0016129032258064475,0.0,0,1,1.0,-0.8296798385786016,0
515,Pro,Annual,2024-01-25,157,23.0,91.0,-0.00403225806451613,0.0,1,0,0.0,0.0,0
516,Enterprise,Monthly,2023-02-10,506,0.0,0.0,0.0,345.0,1,0,0.0,0.0,0
517,Basic,Monthly,2023-08-21,314,27.0,99.0,0.009274193548387093,0.0,0,1,3.0,-0.2972481812500794,0
518,Basic,Annual,2024-09-08,-70,0.0,0.0,0.0,0.0,1,0,2.0,-0.24464074252049672,0
519,Basic,Annual,2023-02-18,498,29.0,109.0,-0.012096774193548385,0.0,1,0,2.0,-0.1681479871893597,0
520,Pro,Monthly,2023-03-27,461,0.0,0.0,0.0,212.0,4,0,3.0,-0.3069146204118135,0
521,Basic,Monthly,2024-02-02,149,24.0,96.0,0.004838709677419353,0.0,0,1,0.0,0.0,0
522,Basic,Monthly,2023-10-03,271,0.0,0.0,0.0,100.0,1,0,2.0,-0.14299141715225108,0
523,Pro,Monthly,2023-02-04,512,27.0,98.0,-0.021774193548387093,0.0,0,0,0.0,0.0,0
524,Enterprise,Monthly,2023-07-11,355,19.0,88.0,-0.019758064516129045,0.0,1,1,0.0,0.0,0
525,Basic,Monthly,2024-06-02,28,23.0,88.0,0.01625615763546798,0.0,1,0,0.0,0.0,0
526,Pro,Monthly,2024-05-29,32,22.0,95.0,0.006048387096774185,0.0,3,0,2.0,-0.4702003083712322,0
527,Pro,Annual,2023-10-23,251,24.0,94.0,0.020564516129032255,0.0,1,0,0.0,0.0,0
528,Basic,Monthly,2024-03-08,114,31.0,95.0,0.04193548387096774,0.0,1,0,0.0,0.0,0
529,Enterprise,Monthly,2023-10-19,255,19.0,74.0,-0.023387096774193532,0.0,0,2,0.0,0.0,0
530,Basic,Monthly,2023-11-24,219,23.0,83.0,-0.02137096774193549,0.0,1,1,0.0,0.0,0
531,Basic,Annual,2023-09-30,274,0.0,0.0,0.0,102.0,0,0,1.0,-0.397574255367508,0
532,Pro,Annual,2024-03-31,91,28.0,90.0,0.035887096774193536,0.0,1,0,2.0,-0.7289777469627551,0
533,Basic,Monthly,2024-05-19,42,30.0,116.0,0.02016129032258064,0.0,1,0,0.0,0.0,0
534,Pro,Annual,2024-07-06,-6,0.0,0.0,0.0,0.0,1,1,0.0,0.0,0
535,Pro,Annual,2023-04-30,427,0.0,0.0,0.0,286.0,2,0,0.0,0.0,0
536,Enterprise,Annual,2024-07-12,-12,0.0,0.0,0.0,0.0,2,0,0.0,0.0,0
537,Pro,Annual,2024-09-22,-84,0.0,0.0,0.0,0.0,1,1,2.0,-0.4738372473665342,0
538,Enterprise,Monthly,2024-10-08,-100,0.0,0.0,0.0,0.0,0,0,0.0,0.0,0
539,Enterprise,Monthly,2023-08-15,320,25.0,98.0,-0.0024193548387096723,0.0,0,0,0.0,0.0,0
540,Basic,Annual,2023-06-01,395,28.0,92.0,0.02620967741935481,0.0,0,1,0.0,0.0,0
541,Basic,Monthly,2024-09-07,-69,0.0,0.0,0.0,0.0,2,2,0.0,0.0,0
542,Basic,Monthly,2024-08-07,-38,0.0,0.0,0.0,0.0,1,0,0.0,0.0,0
543,Basic,Monthly,2023-06-15,381,0.0,0.0,0.0,83.0,0,0,0.0,0.0,0
544,Pro,Monthly,2024-08-27,-58,0.0,0.0,0.0,0.0,0,0,0.0,0.0,0
545,Basic,Monthly,2023-09-08,296,0.0,0.0,0.0,103.0,3,2,0.0,0.0,0
546,Basic,Monthly,2023-12-07,206,21.0,99.0,-0.022983870967741928,0.0,2,1,3.0,-0.0012003329211105658,0
547,Basic,Monthly,2023-03-12,476,27.0,107.0,0.005241935483870958,0.0,0,0,0.0,0.0,0
548,Pro,Monthly,2024-09-04,-66,0.0,0.0,0.0,0.0,2,0,0.0,0.0,0
549,Basic,Annual,2023-08-29,306,17.0,88.0,-0.061693548387096765,0.0,1,0,0.0,0.0,0
550,Basic,Monthly,2024-07-04,-4,0.0,0.0,0.0,0.0,1,0,2.0,-0.5182799582748829,0
551,Basic,Annual,2023-04-04,453,19.0,84.0,-0.012499999999999997,0.0,1,1,0.0,0.0,0
552,Enterprise,Monthly,2024-02-28,123,30.0,98.0,0.006048387096774194,0.0,5,1,0.0,0.0,0
553,Pro,Annual,2023-12-16,197,33.0,110.0,0.03629032258064516,0.0,1,1,3.0,-0.36309072724964037,0
554,Pro,Monthly,2024-05-05,56,27.0,99.0,0.008467741935483875,0.0,1,1,2.0,0.18652117949538458,0
555,Enterprise,Annual,2023-12-16,197,0.0,0.0,0.0,168.0,1,1,0.0,0.0,0
556,Enterprise,Annual,2024-04-01,90,16.0,82.0,-0.03427419354838709,0.0,0,0,3.0,-0.174181322423125,0
557,Enterprise,Annual,2023-05-14,413,0.0,0.0,0.0,222.0,0,0,0.0,0.0,0
558,Enterprise,Monthly,2024-07-11,-11,0.0,0.0,0.0,0.0,0,0,0.0,0.0,0
559,Basic,Annual,2024-07-26,-26,0.0,0.0,0.0,0.0,0,0,0.0,0.0,0
560,Pro,Monthly,2023-07-06,360,0.0,0.0,0.0,288.0,1,1,0.0,0.0,0
561,Basic,Monthly,2024-06-09,21,27.0,75.0,-0.0344438170525127,0.0,2,0,0.0,0.0,0
562,Basic,Annual,2023-09-06,298,0.0,0.0,0.0,235.0,0,0,0.0,0.0,0
563,Basic,Monthly,2023-07-31,335,24.0,99.0,0.013709677419354834,0.0,1,4,0.0,0.0,0
564,Basic,Monthly,2024-03-06,116,25.0,86.0,-0.00846774193548387,0.0,0,1,0.0,0.0,0
565,Basic,Monthly,2023-11-02,241,22.0,97.0,-0.03709677419354837,0.0,1,0,0.0,0.0,0
566,Pro,Monthly,2024-05-13,48,28.0,94.0,0.012096774193548375,0.0,0,0,0.0,0.0,0
567,Basic,Monthly,2024-02-07,144,20.0,92.0,-0.004838709677419353,0.0,2,0,1.0,-0.47813715328228606,0
568,Basic,Monthly,2024-08-18,-49,0.0,0.0,0.0,0.0,0,0,0.0,0.0,0
569,Basic,Monthly,2023-02-05,511,22.0,84.0,0.022177419354838707,0.0,1,0,0.0,0.0,0
570,Basic,Monthly,2024-01-29,153,24.0,87.0,-0.010483870967741938,0.0,1,1,0.0,0.0,0
571,Enterprise,Monthly,2024-03-30,92,30.0,93.0,0.04677419354838709,0.0,0,1,0.0,0.0,0
572,Enterprise,Annual,2023-02-02,514,25.0,91.0,0.022580645161290304,0.0,2,0,0.0,0.0,0
573,Pro,Monthly,2023-10-08,266,25.0,91.0,0.03467741935483868,0.0,2,0,0.0,0.0,0
574,Basic,Monthly,2023-11-20,223,16.0,92.0,-0.06209677419354836,0.0,0,1,0.0,0.0,0
575,Basic,Monthly,2024-07-19,-19,0.0,0.0,0.0,0.0,1,0,1.0,-0.1218272316257956,0
576,Pro,Monthly,2024-02-23,128,24.0,92.0,0.014112903225806456,0.0,0,0,2.0,0.13732069825326262,0
577,Basic,Monthly,2023-11-10,233,21.0,96.0,-0.016935483870967737,0.0,1,1,0.0,0.0,0
578,Basic,Monthly,2023-06-06,390,31.0,100.0,0.06169354838709678,0.0,3,1,0.0,0.0,0
579,Basic,Monthly,2024-01-11,171,0.0,0.0,0.0,98.0,1,0,0.0,0.0,0
580,Basic,Monthly,2024-01-01,181,16.0,77.0,0.015725806451612902,0.0,2,2,0.0,0.0,0
581,Enterprise,Monthly,2023-03-18,470,0.0,0.0,0.0,292.0,2,0,1.0,-0.09340634123524769,0
582,Basic,Annual,2023-09-15,289,0.0,0.0,0.0,57.0,0,1,0.0,0.0,0
583,Pro,Monthly,2024-03-08,114,27.0,100.0,0.019354838709677413,0.0,0,0,1.0,0.2025615972451213,0
584,Basic,Monthly,2024-06-29,1,3.0,3.0,0.0,0.0,3,0,2.0,-0.27604932356763434,0
585,Basic,Monthly,2023-08-06,329,0.0,0.0,0.0,75.0,0,0,1.0,-0.25259068849215777,0
586,Basic,Annual,2023-06-24,372,18.0,92.0,-0.01612903225806451,0.0,1,1,4.0,0.3752314042240396,0
587,Basic,Monthly,2024-08-23,-54,0.0,0.0,0.0,0.0,1,0,0.0,0.0,0
588,Enterprise,Monthly,2023-04-13,444,22.0,94.0,-0.011693548387096766,0.0,1,0,0.0,0.0,0
589,Pro,Annual,2023-08-29,306,29.0,92.0,0.017338709677419364,0.0,0,2,0.0,0.0,0
590,Pro,Annual,2024-10-25,-117,0.0,0.0,0.0,0.0,0,0,2.0,0.23794156474271805,0
591,Enterprise,Monthly,2023-07-18,348,15.0,77.0,-0.03508064516129031,0.0,0,1,1.0,-1.0,0
592,Pro,Annual,2024-08-12,-43,0.0,0.0,0.0,0.0,1,0,1.0,-0.6048517865504425,0
593,Pro,Monthly,2023-05-24,403,22.0,87.0,-0.033467741935483845,0.0,1,0,0.0,0.0,0
594,Basic,Annual,2023-02-08,508,0.0,0.0,0.0,251.0,0,0,4.0,-0.04996426572776355,0
595,Pro,Monthly,2024-10-25,-117,0.0,0.0,0.0,0.0,2,1,2.0,0.03234805348658952,0
596,Enterprise,Monthly,2023-12-12,201,23.0,102.0,-0.036693548387096764,0.0,1,0,1.0,0.49764334871009347,0
597,Pro,Annual,2023-08-27,308,20.0,88.0,-0.03145161290322579,0.0,2,1,2.0,-0.26874044183391,0
598,Enterprise,Annual,2024-02-10,141,28.0,103.0,-0.003225806451612901,0.0,0,1,0.0,0.0,0
599,Pro,Monthly,2024-02-02,149,27.0,94.0,0.02701612903225806,0.0,1,0,0.0,0.0,0
600,Pro,Annual,2024-05-31,30,23.0,101.0,0.010483870967741934,0.0,0,0,0.0,0.0,0
601,Pro,Monthly,2023-10-31,243,27.0,94.0,0.023790322580645146,0.0,0,1,0.0,0.0,0
602,Enterprise,Monthly,2023-01-16,531,0.0,0.0,0.0,451.0,0,0,0.0,0.0,0
603,Enterprise,Annual,2024-01-23,159,10.0,57.0,0.009999999999999993,0.0,3,0,3.0,0.27224959908248253,1
604,Basic,Monthly,2023-12-12,201,30.0,100.0,0.03548387096774192,0.0,0,2,0.0,0.0,0
605,Basic,Monthly,2023-12-08,205,21.0,95.0,-0.027016129032258054,0.0,0,0,0.0,0.0,0
606,Pro,Monthly,2024-06-13,17,23.0,49.0,0.040247678018575844,0.0,0,0,0.0,0.0,0
607,Basic,Annual,2024-06-27,3,9.0,9.0,0.4999999999999999,0.0,1,0,2.0,0.5545598765175486,0
608,Basic,Monthly,2023-07-22,344,24.0,85.0,0.02782258064516128,0.0,1,0,0.0,0.0,0
609,Basic,Monthly,2023-10-02,272,23.0,92.0,-0.002419354838709679,0.0,1,0,3.0,-0.21219693654093996,0
610,Basic,Annual,2023-07-20,346,28.0,98.0,0.008467741935483867,0.0,0,0,0.0,0.0,0
611,Pro,Annual,2023-10-14,260,21.0,87.0,0.006451612903225821,0.0,0,0,0.0,0.0,0
612,Enterprise,Monthly,2024-01-30,152,20.0,82.0,0.021370967741935473,0.0,0,0,3.0,0.009163645570954183,0
613,Basic,Monthly,2024-07-06,-6,0.0,0.0,0.0,0.0,0,2,0.0,0.0,0
614,Basic,Monthly,2023-06-01,395,19.0,100.0,-0.04516129032258063,0.0,1,0,0.0,0.0,0
615,Pro,Annual,2023-07-01,365,22.0,91.0,0.012903225806451613,0.0,1,0,2.0,0.00039671369438254445,0
616,Pro,Monthly,2023-12-05,208,20.0,99.0,-0.021774193548387093,0.0,0,0,0.0,0.0,0
617,Pro,Monthly,2024-05-27,34,23.0,96.0,0.0016129032258064497,0.0,0,0,0.0,0.0,0
618,Pro,Monthly,2024-05-09,52,23.0,90.0,-0.009677419354838703,0.0,2,0,2.0,0.15825706362094566,0
619,Pro,Monthly,2024-09-29,-91,0.0,0.0,0.0,0.0,2,0,0.0,0.0,0
620,Enterprise,Annual,2023-11-03,240,26.0,100.0,-0.006854838709677403,0.0,0,0,0.0,0.0,0
621,Pro,Monthly,2023-08-29,306,23.0,83.0,-0.004032258064516119,0.0,2,0,0.0,0.0,0
622,Basic,Monthly,2024-06-03,27,22.0,92.0,-0.04597701149425288,0.0,3,1,0.0,0.0,0
623,Pro,Monthly,2023-10-23,251,21.0,93.0,-0.022983870967741928,0.0,1,1,0.0,0.0,0
624,Pro,Monthly,2024-01-26,156,26.0,92.0,-0.016129032258064505,0.0,0,0,4.0,-0.04331517992523223,0
625,Pro,Monthly,2023-04-19,438,0.0,0.0,0.0,281.0,1,0,4.0,0.25747700369350296,0
626,Basic,Monthly,2023-01-09,538,27.0,90.0,0.04637096774193548,0.0,2,0,1.0,1.0,0
627,Enterprise,Annual,2023-06-18,378,26.0,85.0,-0.003629032258064517,0.0,0,0,0.0,0.0,0
628,Pro,Monthly,2023-11-09,234,22.0,95.0,0.002419354838709677,0.0,0,1,0.0,0.0,0
629,Basic,Annual,2024-05-20,41,29.0,100.0,0.03870967741935485,0.0,1,0,1.0,-0.4642735194621438,0
630,Basic,Annual,2024-06-29,1,8.0,8.0,0.0,0.0,0,0,3.0,0.09674866023531482,0
631,Pro,Monthly,2024-02-22,129,23.0,97.0,-0.013306451612903215,0.0,1,1,0.0,0.0,0
632,Pro,Monthly,2023-09-20,284,27.0,100.0,-0.031048387096774172,0.0,0,0,0.0,0.0,0
633,Pro,Monthly,2024-09-30,-92,0.0,0.0,0.0,0.0,2,1,2.0,0.06731518662280957,0
634,Basic,Monthly,2023-06-29,367,21.0,92.0,-0.010483870967741934,0.0,1,2,3.0,0.13407976026870355,0
635,Pro,Annual,2024-04-20,71,21.0,86.0,-0.023790322580645135,0.0,0,0,0.0,0.0,0
636,Basic,Monthly,2023-09-16,288,15.0,81.0,-0.01814516129032258,0.0,0,0,2.0,0.3620327566906215,0
637,Pro,Monthly,2023-08-22,313,22.0,91.0,0.0016129032258064542,0.0,1,0,0.0,0.0,0
638,Pro,Monthly,2023-11-30,213,25.0,99.0,0.025806451612903222,0.0,0,0,0.0,0.0,0
639,Basic,Monthly,2024-09-11,-73,0.0,0.0,0.0,0.0,1,1,0.0,0.0,0
640,Basic,Monthly,2024-09-20,-82,0.0,0.0,0.0,0.0,0,2,0.0,0.0,0
641,Pro,Monthly,2024-01-13,169,18.0,83.0,0.011290322580645152,0.0,0,1,0.0,0.0,0
642,Basic,Monthly,2023-12-06,207,24.0,89.0,-0.01209677419354839,0.0,1,0,0.0,0.0,0
643,Pro,Monthly,2024-05-29,32,23.0,99.0,-0.026209677419354836,0.0,2,1,1.0,0.2828810142815974,0
644,Basic,Monthly,2024-01-20,162,21.0,90.0,0.003629032258064504,0.0,2,1,1.0,0.8072520276929865,0
645,Basic,Annual,2023-02-21,495,28.0,92.0,0.032661290322580624,0.0,0,1,0.0,0.0,0
646,Pro,Monthly,2023-04-27,430,20.0,81.0,-0.019354838709677413,0.0,0,1,0.0,0.0,0
647,Pro,Monthly,2023-03-03,485,26.0,101.0,0.025806451612903222,0.0,0,0,3.0,0.19123680602171275,0
648,Pro,Monthly,2024-06-29,1,8.0,8.0,0.0,0.0,1,1,1.0,0.03343494737321676,0
649,Enterprise,Monthly,2023-12-15,198,20.0,97.0,-0.03387096774193547,0.0,1,0,0.0,0.0,0
650,Basic,Monthly,2024-01-08,174,23.0,100.0,0.001612903225806445,0.0,1,1,0.0,0.0,0
651,Basic,Monthly,2023-06-24,372,34.0,105.0,0.05282258064516127,0.0,0,0,0.0,0.0,0
652,Pro,Monthly,2024-03-20,102,25.0,112.0,-0.018951612903225813,0.0,2,1,0.0,0.0,0
653,Enterprise,Annual,2023-08-05,330,26.0,91.0,0.02096774193548386,0.0,0,0,0.0,0.0,0
654,Basic,Monthly,2023-03-05,483,24.0,89.0,0.010080645161290312,0.0,1,0,0.0,0.0,0
655,Basic,Annual,2023-09-19,285,21.0,90.0,0.007258064516129026,0.0,3,3,2.0,0.7871225513794686,0
656,Pro,Monthly,2023-12-31,182,27.0,87.0,0.021774193548387093,0.0,0,1,0.0,0.0,0
657,Enterprise,Monthly,2024-05-07,54,10.0,38.0,-0.024060150375939858,0.0,0,0,3.0,-0.3193986687573154,1
658,Basic,Annual,2024-10-12,-104,0.0,0.0,0.0,0.0,1,0,0.0,0.0,0
659,Enterprise,Monthly,2024-06-08,22,29.0,73.0,0.048418972332015794,0.0,1,0,3.0,-0.07869446971814709,0
660,Basic,Annual,2024-07-15,-15,0.0,0.0,0.0,0.0,2,1,0.0,0.0,0
661,Basic,Annual,2023-12-20,193,0.0,0.0,0.0,63.0,1,1,0.0,0.0,0
662,Enterprise,Monthly,2024-06-13,17,26.0,52.0,0.09287925696594425,0.0,1,0,2.0,0.39926459021296157,0
663,Basic,Monthly,2023-07-02,364,21.0,102.0,-0.041935483870967724,0.0,0,0,0.0,0.0,0
664,Enterprise,Monthly,2023-08-24,311,25.0,89.0,0.02903225806451612,0.0,1,2,0.0,0.0,0
665,Basic,Annual,2023-07-04,362,0.0,0.0,0.0,102.0,1,2,0.0,0.0,0
666,Basic,Annual,2023-01-04,543,0.0,0.0,0.0,433.0,0,0,3.0,-0.4370266601000563,0
667,Pro,Monthly,2023-07-23,343,0.0,0.0,0.0,92.0,0,2,2.0,-0.08556881901794704,0
668,Basic,Monthly,2023-01-28,519,22.0,80.0,-0.00040322580645161355,0.0,3,0,0.0,0.0,0
669,Enterprise,Annual,2023-05-11,416,0.0,0.0,0.0,196.0,0,1,2.0,0.5468314183083527,0
670,Pro,Monthly,2024-06-28,2,11.0,11.0,0.0,0.0,0,1,3.0,0.05825041347403315,0
671,Basic,Annual,2023-02-12,504,0.0,0.0,0.0,352.0,1,1,2.0,0.021944317778230336,0
672,Basic,Monthly,2024-09-20,-82,0.0,0.0,0.0,0.0,0,0,1.0,0.11885085646071296,0
673,Basic,Monthly,2023-05-29,398,21.0,87.0,-0.01733870967741935,0.0,2,0,0.0,0.0,0
674,Basic,Monthly,2023-01-07,540,28.0,88.0,0.03064516129032256,0.0,3,0,4.0,-0.19464519453908538,0
675,Basic,Monthly,2024-05-12,49,25.0,92.0,0.004435483870967742,0.0,0,0,0.0,0.0,0
676,Basic,Monthly,2024-03-01,121,21.0,83.0,0.015725806451612902,0.0,1,0,2.0,-0.3768811661432788,0
677,Enterprise,Monthly,2023-09-03,301,19.0,92.0,-0.04193548387096774,0.0,0,0,4.0,-0.04668310017194047,0
678,Basic,Monthly,2024-07-09,-9,0.0,0.0,0.0,0.0,0,0,0.0,0.0,0
679,Basic,Annual,2023-07-24,342,22.0,84.0,-0.0028225806451612815,0.0,0,0,0.0,0.0,0
680,Basic,Monthly,2023-03-13,475,24.0,93.0,-0.00806451612903226,0.0,2,2,2.0,-0.21423853802284204,0
681,Pro,Monthly,2023-06-11,385,18.0,88.0,-0.04798387096774193,0.0,1,0,1.0,-0.8445070168306927,0
682,Pro,Monthly,2023-09-16,288,0.0,0.0,0.0,205.0,0,1,0.0,0.0,0
683,Basic,Monthly,2023-08-11,324,29.0,90.0,0.03911290322580645,0.0,1,0,0.0,0.0,0
684,Basic,Monthly,2023-07-14,352,19.0,81.0,-0.007661290322580644,0.0,0,0,0.0,0.0,0
685,Pro,Monthly,2024-10-08,-100,0.0,0.0,0.0,0.0,1,0,0.0,0.0,0
686,Pro,Monthly,2024-03-29,93,26.0,99.0,0.004838709677419349,0.0,1,1,0.0,0.0,0
687,Basic,Annual,2024-06-08,22,24.0,71.0,-0.010869565217391283,0.0,2,0,2.0,0.16682724636025137,0
688,Basic,Annual,2024-05-19,42,23.0,99.0,-0.0346774193548387,0.0,1,1,0.0,0.0,0
689,Pro,Annual,2023-12-31,182,18.0,87.0,-0.01451612903225806,0.0,2,0,2.0,0.042750997133078894,0
690,Enterprise,Monthly,2023-07-15,351,20.0,91.0,-0.025403225806451598,0.0,0,1,1.0,-0.3147121597678642,0
691,Basic,Monthly,2024-01-29,153,31.0,102.0,0.04354838709677417,0.0,0,0,0.0,0.0,0
692,Pro,Monthly,2024-07-10,-10,0.0,0.0,0.0,0.0,1,1,0.0,0.0,0
693,Pro,Annual,2024-10-11,-103,0.0,0.0,0.0,0.0,0,2,0.0,0.0,0
694,Pro,Monthly,2023-03-08,480,23.0,88.0,0.03508064516129029,0.0,0,2,0.0,0.0,0
695,Basic,Annual,2024-03-31,91,25.0,91.0,0.017338709677419347,0.0,2,0,1.0,-0.7332766853351672,0
696,Pro,Monthly,2023-05-11,416,26.0,101.0,-0.006451612903225803,0.0,1,3,4.0,0.12132182890022206,0
697,Basic,Monthly,2023-12-04,209,19.0,72.0,0.032661290322580624,0.0,1,0,0.0,0.0,0
698,Enterprise,Annual,2024-05-26,35,30.0,103.0,0.02741935483870967,0.0,2,1,0.0,0.0,0
699,Pro,Monthly,2023-01-07,540,23.0,86.0,0.02338709677419354,0.0,1,0,3.0,0.10450595745007811,0
700,Basic,Monthly,2023-10-13,261,0.0,0.0,0.0,209.0,0,1,0.0,0.0,0
701,Basic,Annual,2023-12-23,190,18.0,92.0,-0.02661290322580645,0.0,1,1,4.0,0.18384351717611627,0
702,Basic,Annual,2023-11-30,213,25.0,95.0,0.021370967741935483,0.0,1,1,0.0,0.0,0
703,Basic,Monthly,2023-09-06,298,25.0,93.0,0.004435483870967745,0.0,0,0,2.0,-0.4308047138484876,0
704,Basic,Annual,2023-07-31,335,30.0,97.0,0.02096774193548387,0.0,0,0,0.0,0.0,0
705,Basic,Monthly,2023-01-21,526,26.0,98.0,0.010483870967741926,0.0,3,1,1.0,-0.3136338123114237,0
706,Basic,Monthly,2023-06-30,366,28.0,91.0,-0.017741935483870954,0.0,1,0,0.0,0.0,0
707,Enterprise,Annual,2023-08-19,316,16.0,78.0,-0.006854838709677419,0.0,0,0,0.0,0.0,0
708,Pro,Monthly,2024-07-30,-30,0.0,0.0,0.0,0.0,1,0,3.0,-0.21275915221388594,0
709,Pro,Monthly,2023-07-21,345,0.0,0.0,0.0,122.0,0,1,0.0,0.0,0
710,Enterprise,Annual,2024-09-05,-67,0.0,0.0,0.0,0.0,2,0,0.0,0.0,0
711,Basic,Monthly,2024-08-14,-45,0.0,0.0,0.0,0.0,2,1,2.0,-0.2851857666534792,0
712,Basic,Monthly,2023-05-26,401,27.0,89.0,0.023790322580645146,0.0,1,0,0.0,0.0,0
713,Basic,Annual,2023-02-11,505,23.0,99.0,-0.015725806451612877,0.0,1,0,0.0,0.0,0
714,Pro,Annual,2023-03-10,478,16.0,96.0,-0.061693548387096765,0.0,1,0,0.0,0.0,0
715,Pro,Monthly,2023-06-04,392,0.0,0.0,0.0,191.0,0,1,0.0,0.0,0
716,Basic,Annual,2023-06-24,372,17.0,91.0,-0.04112903225806452,0.0,0,2,0.0,0.0,0
717,Pro,Monthly,2023-12-31,182,23.0,91.0,-0.028225806451612902,0.0,1,1,0.0,0.0,0
718,Basic,Annual,2023-07-24,342,0.0,0.0,0.0,286.0,1,1,0.0,0.0,0
719,Basic,Monthly,2023-12-02,211,26.0,83.0,0.05040322580645158,0.0,0,0,0.0,0.0,0
720,Basic,Monthly,2023-11-20,223,22.0,93.0,0.0056451612903225794,0.0,0,0,0.0,0.0,0
721,Pro,Monthly,2024-06-16,14,23.0,44.0,0.06785714285714285,0.0,2,0,2.0,0.11587119425111508,0
722,Pro,Monthly,2024-08-06,-37,0.0,0.0,0.0,0.0,0,0,0.0,0.0,0
723,Pro,Monthly,2023-11-30,213,25.0,89.0,0.032661290322580645,0.0,2,0,1.0,-1.0,0
724,Basic,Annual,2024-06-24,6,19.0,19.0,-0.3571428571428571,0.0,1,1,2.0,0.03429130659966781,0
725,Basic,Monthly,2023-01-09,538,19.0,92.0,-0.038306451612903206,0.0,0,0,1.0,0.2394816686112425,0
726,Pro,Annual,2023-05-25,402,0.0,0.0,0.0,373.0,0,0,0.0,0.0,0
727,Pro,Annual,2024-04-14,77,27.0,98.0,0.006854838709677413,0.0,0,0,0.0,0.0,0
728,Pro,Monthly,2023-09-18,286,22.0,90.0,-0.011693548387096766,0.0,2,0,0.0,0.0,0
729,Pro,Annual,2023-06-03,393,21.0,91.0,-0.017338709677419354,0.0,1,0,0.0,0.0,0
730,Basic,Annual,2023-05-24,403,26.0,94.0,0.045564516129032256,0.0,2,0,0.0,0.0,0
731,Pro,Monthly,2023-08-27,308,21.0,99.0,0.00040322580645161355,0.0,3,0,0.0,0.0,0
732,Basic,Monthly,2023-04-19,438,23.0,85.0,-0.012096774193548392,0.0,0,0,0.0,0.0,0
733,Pro,Annual,2024-01-25,157,23.0,91.0,-0.005241935483870967,0.0,1,1,4.0,0.19952948845733853,0
734,Pro,Annual,2024-10-08,-100,0.0,0.0,0.0,0.0,0,1,0.0,0.0,0
735,Basic,Annual,2023-08-19,316,0.0,0.0,0.0,204.0,0,0,0.0,0.0,0
736,Basic,Monthly,2023-08-24,311,22.0,97.0,-0.03870967741935483,0.0,1,0,0.0,0.0,0
737,Enterprise,Monthly,2023-04-28,429,0.0,0.0,0.0,341.0,2,1,1.0,-0.2181673273283135,0
738,Pro,Annual,2024-01-31,151,20.0,88.0,-0.03427419354838708,0.0,0,1,0.0,0.0,0
739,Basic,Monthly,2023-11-10,233,10.0,58.0,-0.0817391304347826,0.0,0,0,0.0,0.0,1
740,Basic,Annual,2024-05-11,50,28.0,101.0,0.028629032258064516,0.0,1,0,2.0,0.07525684355129753,0
741,Pro,Monthly,2023-05-21,406,16.0,85.0,-0.012903225806451611,0.0,1,1,0.0,0.0,0
742,Basic,Annual,2024-06-10,20,27.0,60.0,0.028571428571428564,0.0,1,1,2.0,-0.9044556266317139,0
743,Basic,Monthly,2023-09-25,279,20.0,86.0,0.011693548387096766,0.0,0,0,0.0,0.0,0
744,Pro,Annual,2024-02-02,149,25.0,93.0,0.016129032258064505,0.0,1,0,2.0,0.27423885964519706,0
745,Basic,Annual,2024-04-18,73,30.0,90.0,0.012903225806451611,0.0,1,1,0.0,0.0,0
746,Pro,Monthly,2023-04-25,432,0.0,0.0,0.0,239.0,1,0,2.0,-0.04966482098618579,0
747,Enterprise,Annual,2024-09-25,-87,0.0,0.0,0.0,0.0,0,0,3.0,-0.19409654007000063,0
748,Enterprise,Annual,2023-02-19,497,18.0,88.0,-0.03467741935483871,0.0,1,1,2.0,0.181229403243646,0
749,Basic,Monthly,2024-03-16,106,26.0,101.0,-0.026209677419354843,0.0,0,0,0.0,0.0,0
750,Pro,Monthly,2024-05-18,43,24.0,105.0,-0.044758064516129,0.0,0,0,2.0,-0.1912533088023069,0
751,Enterprise,Annual,2023-01-17,530,22.0,87.0,-4.458762963857603e-18,0.0,1,1,0.0,0.0,0
752,Pro,Monthly,2023-07-22,344,19.0,87.0,0.0016129032258064408,0.0,0,0,3.0,0.47882033223789905,0
753,Basic,Monthly,2024-01-24,158,22.0,81.0,0.011693548387096766,0.0,0,2,0.0,0.0,0
754,Enterprise,Monthly,2024-03-18,104,28.0,100.0,0.007661290322580644,0.0,2,1,3.0,-0.38637471367684756,0
755,Pro,Monthly,2024-01-17,165,31.0,98.0,0.033467741935483866,0.0,0,1,0.0,0.0,0
756,Basic,Monthly,2023-05-21,406,26.0,91.0,0.023387096774193546,0.0,2,0,4.0,-0.12102184802537815,0
757,Pro,Monthly,2024-04-25,66,26.0,100.0,0.014516129032258069,0.0,2,0,0.0,0.0,0
758,Pro,Annual,2023-03-23,465,24.0,94.0,0.010887096774193543,0.0,1,0,0.0,0.0,0
759,Pro,Annual,2023-04-09,448,24.0,93.0,-0.009274193548387103,0.0,1,1,0.0,0.0,0
760,Basic,Monthly,2023-09-12,292,23.0,95.0,-0.020564516129032255,0.0,1,1,1.0,0.112060058686247,0
761,Basic,Annual,2023-01-18,529,24.0,89.0,0.023790322580645146,0.0,1,1,2.0,-0.4100702206035812,0
762,Pro,Monthly,2024-10-12,-104,0.0,0.0,0.0,0.0,0,1,0.0,0.0,0
763,Basic,Monthly,2024-08-18,-49,0.0,0.0,0.0,0.0,2,0,0.0,0.0,0
764,Basic,Monthly,2024-06-07,23,26.0,79.0,0.0021739130434782618,0.0,0,1,1.0,-0.8110107633698002,0
765,Pro,Monthly,2023-06-18,378,24.0,94.0,0.02661290322580645,0.0,1,0,4.0,0.11925544821978457,0
766,Basic,Monthly,2024-01-10,172,17.0,93.0,0.0008064516129032226,0.0,4,0,0.0,0.0,0
767,Pro,Monthly,2024-02-11,140,21.0,82.0,0.006451612903225804,0.0,2,0,0.0,0.0,0
768,Basic,Annual,2023-09-19,285,0.0,0.0,0.0,61.0,3,0,0.0,0.0,0
769,Basic,Monthly,2024-08-22,-53,0.0,0.0,0.0,0.0,1,0,0.0,0.0,0
770,Basic,Annual,2023-03-07,481,0.0,0.0,0.0,325.0,0,0,3.0,0.27569278079695086,0
771,Basic,Monthly,2024-08-14,-45,0.0,0.0,0.0,0.0,0,4,0.0,0.0,0
772,Pro,Monthly,2023-07-30,336,26.0,102.0,-0.0036290322580645163,0.0,3,0,0.0,0.0,0
773,Pro,Monthly,2024-07-09,-9,0.0,0.0,0.0,0.0,0,0,0.0,0.0,0
774,Basic,Monthly,2024-10-12,-104,0.0,0.0,0.0,0.0,0,1,2.0,-0.13608840347772375,0
775,Basic,Annual,2023-08-08,327,25.0,81.0,0.039516129032258034,0.0,0,0,2.0,0.8447819978857027,0
776,Basic,Monthly,2023-10-24,250,25.0,84.0,0.029435483870967734,0.0,2,2,0.0,0.0,0
777,Basic,Monthly,2024-06-01,29,26.0,91.0,-0.013125695216907662,0.0,0,0,1.0,1.0,0
778,Basic,Monthly,2023-03-07,481,22.0,89.0,0.005241935483870963,0.0,0,0,1.0,1.0,0
779,Basic,Annual,2023-12-04,209,23.0,97.0,-0.005645161290322585,0.0,2,0,0.0,0.0,0
780,Pro,Monthly,2024-03-05,117,26.0,94.0,0.04879032258064513,0.0,0,0,2.0,0.5040919155246616,0
781,Basic,Annual,2023-02-07,509,26.0,97.0,0.010887096774193543,0.0,0,1,0.0,0.0,0
782,Basic,Annual,2023-04-04,453,23.0,90.0,0.01572580645161289,0.0,1,0,3.0,-0.23918667864495294,0
783,Enterprise,Monthly,2024-03-05,117,21.0,95.0,-0.010080645161290312,0.0,0,0,1.0,-0.04466005746002777,0
784,Basic,Monthly,2024-05-28,33,21.0,99.0,-0.03548387096774192,0.0,1,1,4.0,-0.02351601138303093,0
785,Basic,Annual,2023-08-25,310,23.0,90.0,-0.009677419354838703,0.0,1,0,1.0,0.33587426875862386,0
786,Basic,Monthly,2024-02-24,127,24.0,94.0,-0.0161290322580645,0.0,1,1,0.0,0.0,0
787,Pro,Monthly,2023-07-08,358,21.0,92.0,-0.01129032258064516,0.0,0,3,0.0,0.0,0
788,Pro,Monthly,2023-11-08,235,26.0,101.0,0.008064516129032253,0.0,0,0,0.0,0.0,0
789,Basic,Annual,2023-07-29,337,0.0,0.0,0.0,134.0,1,2,0.0,0.0,0
790,Pro,Annual,2024-02-11,140,34.0,103.0,0.028225806451612892,0.0,1,2,2.0,0.5744108640310577,0
791,Basic,Annual,2024-01-02,180,25.0,91.0,0.012499999999999995,0.0,2,1,0.0,0.0,0
792,Basic,Monthly,2024-06-26,4,15.0,15.0,-0.6999999999999998,0.0,5,2,0.0,0.0,0
793,Enterprise,Annual,2024-01-15,167,19.0,85.0,-0.02741935483870967,0.0,1,2,0.0,0.0,0
794,Pro,Monthly,2024-01-30,152,28.0,95.0,0.00725806451612903,0.0,0,1,0.0,0.0,0
795,Basic,Monthly,2024-02-07,144,0.0,16.0,0.035714285714285705,17.0,0,1,3.0,0.16372651738047508,0
796,Pro,Monthly,2023-07-02,364,0.0,0.0,0.0,332.0,2,0,0.0,0.0,0
797,Basic,Monthly,2024-09-24,-86,0.0,0.0,0.0,0.0,1,0,0.0,0.0,0
798,Basic,Annual,2024-10-02,-94,0.0,0.0,0.0,0.0,0,2,0.0,0.0,0
799,Pro,Monthly,2024-04-24,67,22.0,94.0,-0.004838709677419358,0.0,0,2,0.0,0.0,0
800,Basic,Monthly,2023-12-31,182,24.0,88.0,0.023790322580645153,0.0,1,0,0.0,0.0,0
